track_id,popularity
6REbwUNlppTfcnV4d4ZoZi,83
3wdfLVUhmX64lIyWIIEW8s,55
0uuE2usj5bvRqfKlfOu1NZ,52
4AcScHuxr9xAqqyxxTMAhu,50
6XkuklKiHYVTlVvWlTgQYP,72
0hPLZrnDgtKxrym1BHjDhd,77
6MDdceLYec4AxohmorE4vH,63
7DcvwMAiqKJQD1rrdfxSDx,69
2yJ9GVCLMmzBBfQAnfzlwr,62
1Wc1SQwiThvSu9dMc5opth,51
60wwxj6Dd9NJlirf84wr2c,77
16YQkGOiqsATntjuZCq52X,43
0HTIrbUwwFn984RzVZm5Fk,82
5wG3HvLhF6Y5KTGlK0IW3J,89
2Igem6Q4sfvXGJ3JkG7Baw,57
5eq8CDTzJIOq0aMtwbp5Gn,34
7uZqvqXzzYMKrexKxdcGmd,60
0biVzpdI2z0vAxwfU9xuuA,74
2BcMwX1MPV6ZHP4tUT9uq6,83
74lnM5V6ecvoTPV0fvptx9,76
7wcyO1rrH3Ru4t659IjG41,58
2N3U8uTYhjX2KwGT0pf5x0,78
1t9WgS8FN0534tLBRwbaxO,70
4jtyUzZm9WLc2AdaJ1dso7,72
29TPjc8wxfz4XMn21O7VsZ,85
7LWtfSW68VAkHp3hpcFDCY,39
3AEgic4yp82NxMWUjHtxnO,57
04HeNxRRVjcwctfp2K2kMu,62
2BJWxD8xKrDv8vneTvTIm9,73
2CY92qejUrhyPUASawNVRr,57
1wNdGz7BlB9kH5lDc1eLLb,59
4UXpJDvdsfneLvT09oJocg,52
1ipSpQfzBbhPFhYm6tfVIz,77
2aCj4aX6TXFFUn5zTFRH4w,70
2ULQtFHTzUK0DqcqWUlXxw,67
5L3ecxQnQ9qTBmnLQiwf0C,81
1EvSBVwDCnIl0UkeeJbayT,6
2blzf3nIpUlxoFSZ3PEpNL,45
0Z2J91b2iTGLVTZC4fKgxf,82
1PDP7mLiAMwhfmgIwzhOm2,82
7EUdsWV0Cs8nyTo4R5Ef9b,44
0CFJoopJPNMEC7Itmp64Yb,59
6GgPsuz0HEO0nrO2T0QhDv,60
1zCi4cVFqe6ja16MeGZKRN,57
2V65y3PX4DkRhy1djlxd9p,84
7Fa5UNizycSms5jP3SQD3F,54
2A4vCndSkZ3jd5nfh3a8gc,64
0hCHNYL8ApQCGNwJrYN1FY,51
4l2rsMfr20dj6nf6i6F3Y8,51
7f1zjZG77S891Uv4O68yfk,61
0z8kOaMtOI4qkN6SyZQbEz,48
3BaridxR3bsmZw3F8ERWPj,37
3A2yGHWIzmGEIolwonU69h,68
2IRZnDFmlqMuOrYOLnZZyc,81
0z9hbAY5d0RhmvZr3DWMPK,44
5Mmk2ii6laakqfeCT7OnVD,72
2cZRGrMM82Xoh9SYsO46hR,35
5SECgk6Gf1TVMy2FApJmSO,39
0f1G5SHFoFC9lO03gHCGVS,65
60emrPlgw8J8d9VXy42Cbi,48
5ScbulRnixQ2XAdvrPMFjz,72
4mmkhcEm1Ljy1U9nwtsxUo,78
3gikeu0X8ZcZ1pVR4f984H,0
6glsMWIMIxQ4BedzLqGVi4,75
32ypPhtgTaETvFn3ZIHXTW,61
1pfwOQKJsRRBf6NdYO4Qog,74
6XeZ32B9HbV6ZrU6NTR2iM,51
6z1nMCq1HJSZ78u2jYtrDT,64
38844QuZDlnt44uHPrSA3S,67
3T06rGO2dVEntMvym0vpQu,77
3hlksXnvbKogFdPbpO9vel,83
4lc08Ite46dtoEhhCOQMTV,13
17Q87zeXgsAi9iQQbMu9v0,60
3SzjotM3GBjNAMWm79VSKN,38
6j8lAie0mdUNreql5d5Ejz,59
4RKJRRd4VJfZWiqQTYsleE,72
0LSawp8fYiAmY5KCLfYos5,29
2YMCSqTmBTtcYA8dyUCvbT,61
0VO8gYVDSwM1Qdd2GsMoYK,83
1YDebgap5OFwXEBG18NJvy,66
56D00FeODn6y0qHNDLZrda,4
5mCPDVBb16L4XQwDdbRUpz,86
3DWjFSDEQ9IWz1mj449fB7,75
59fFsGRwFiuhxKDPc1k6xW,64
3hsmbFKT5Cujb5GQjqEU39,73
2qPUnoasNe4Ep43emVXEig,74
3470gW4OnSHHsvPtSk6DYH,19
3pXF1nA74528Edde4of9CC,86
1rX5L6pyl3rVWb55D8Cprr,60
5uZm7EFtP5aoTJvx5gv9Xf,76
59JWp4PjZ9TRM8cmtaDYB1,69
6ezKE7zgRyfUsqRfGDJEMz,69
0kSnpKOS1bUguBGe2z661G,63
6Xi897JXNLSoIaoYZwgTLc,50
0mL82sxCRjrs3br407IdJh,87
003vvx7Niy0yvhvHt4a68B,89
3WcC6NH9J77xPEvj1SOL7z,69
6EDO9iiTtwNv6waLwa1UUq,73
20fAoPjfYltmd3K3bO7gbt,66
1GeNui6m825V8jP4uKiIaH,70
6huNf4dutXRjJyGn7f5BPS,82
5EPQXIxxry2D99lq31Hdu7,52
0SGkqnVQo9KPytSri1H6cF,71
51EC3I1nQXpec4gDk0mQyP,83
12hfZNWtZInct3l8nT3c9O,55
24cAQvqRus3LmObuJdBC84,5
7rC5Pl8rQSX4myONQHYPBK,71
2UN0lp72LAusrXi8LLVomt,66
1fCeXjoRExPP2qwSBh2aST,77
0Thqjtu54vKMP06pwZkAWp,75
2M9ULmQwTaTGmAdXaXpfz5,76
44OnxLiNTE4sLq3ujDwLBU,57
1yrhouFL3RSdUj9KfPDhoW,61
2QtxlzvSBONjs1bDC34ixs,71
6gi6y1xwmVszDWkUqab1qw,79
42zd6DYQ4o4SECmTITrM1U,77
2tPcTFiQF9MbVUyjZ3zDhA,64
7Hk12JkCFwLO4s1jRGBS6s,49
1Jo0Zg7XlrA6z0mFTZVdkn,72
3RkNXZvOSMMElmmXztDc94,66
0BKXZkU8oGad58MyTFyFXu,65
1IAzD1muglOxOcPbUHs70R,77
4Iy73U3ZqfhF1cxPDRSMKp,60
2g8HN35AnVGIk7B8yMucww,81
0w6webWdhjRKdqJ3DeGgM1,70
4p55EkzkGnWmLYDiNXc14t,61
4h90qkbnW1Qq6pBhoPvwko,74
6giYNaycmjkbf7UmZ6RGtL,55
163ExVYtJrtdE86Qd5Fw2N,46
7sLpSWxQazJzDVG6YGzlVs,69
0P2P1AxcRYhiZvoF5MyRmM,67
1RUTIdTnFs8lHSc0Zr4UJB,64
4immekPm8Har57BB9DcDSj,55
2Ec33AVlkTTq8BHFgBTdQs,63
36J0iaPDGbYGsHvYpaYs3k,68
4BHzHISX21PYwGXiBEUQ70,61
5BrTUo0xP1wKXLJWUaGFtk,77
7EQGXaVSyEDsCWKmUcfpLk,80
2Ch7LmS7r2Gy2kc64wv3Bz,85
6UjfByV1lDLW0SOVQA4NAi,70
3XiNC94b4Tq1xwv70sQJGN,71
2u7mxWSeoqTXndK5e08jMp,70
08XWh5c0BMyD1nKVxxl91z,73
1ia019RqDK2o4QiANR1Dyn,74
6Xa2q0dapj03CsRzmD0Os5,68
5FxKZ4IajYIRDjAWAboiB4,58
7soBkLenwWM7kB92cuyl04,62
57IRaiAB4hBZu3gnNVZC0v,63
1POAx4NMLOBPVKZUSsBh92,62
0fcq51a3gOI6gPvzc0YLsk,62
5R2rsbwCDXORX2tLfprRmM,73
4rWzdpoT0R3zdQlrkRSMv9,38
2uTrdatngtB000duMrfbiV,70
6IaieqiCVvsNvEt6Y7yOFa,68
1Wsbr1d2BouNGk2q92mIj7,71
1T4k0sw0HldDg004Kw4Oct,72
3FQdtOMXdfDcDDjY1OHAqz,48
6SOuxyJH5glKeDSFUJJ5tX,57
44CZRkOxv7UItaAUmh8PgN,72
4nva9EpKntUTs6CRSGBCn9,80
1cEhrSF6EylAEqdhUGuNpX,62
7FAFkQQZFeNwOFzTrSDFIh,83
6cZH4rX1KTt1aJ3Ql6Ynja,73
5zOm9ZAuAiJMb5G6uXGVlu,54
26BMsCXJpD7eYtP7ufhApC,65
6fujklziTHa8uoM5OQSfIo,78
5O2Yjlcs5pSpHq1gcA0cwg,54
0cu0rhnlCnJ7JIeHRiLpj3,70
1C8ux1YWLMHCenYJFiIV4Z,74
35srNkJVToAzYiZzron1FY,67
45pUWUeEWGoSdH6UF162G8,73
7Fege3yv4dvehB3NdRBGwI,74
35EfL85garkKhKEemkeLoC,56
6lgzJuBX3iqevLdtgNlyAU,51
4PhsKqMdgMEUSstTDAmMpg,83
6WzRpISELf3YglGAh7TXcG,93
1KUZ33cOqk3X4Ezk0aZnVp,75
4T0ScSPdQKmGvruK7pavNP,66
5jcMhhJ0gXhtruaFIBbL3t,57
5VuxWXbt7XENQCtE9TzpTv,67
2LvRR121MWFmmEGkuV2vQP,68
7szuecWAPwGoV1e5vGu8tl,80
5n8Aro6j1bEGIy7Tpo7FV7,74
3to5UxKsozb4T6CfwHuhLJ,67
0bHfRPMnqoMmSpzZywlCmq,64
221qmpQeBNV87sUjQeUTVH,80
0pNMYo9MXmyyR9Fp9HwiBT,51
15EPc80XuFrb2LmOzGjuRg,79
64SspxEpWugnnvgPM3KSWP,5
09mEdoA6zrmBPgTEN5qXmN,88
5WJdUrZ4ND1TCZ2AsjYK3P,47
2ANLarE8yHVsLWW21nj79M,68
3jlbL2OTD5YmIunYzgQTAN,77
4NdXQlDTzxbOMkzJGWFtz3,46
5byWPNSh2hi0ULmDxBgLyV,51
69CQe4ekUZ7txcSfEXYFW9,41
6Sq7ltF9Qa7SNFBsV5Cogx,89
1PH2MDbcBAU094DlgTIND1,80
27GmP9AWRs744SzKcpJsTZ,74
3gG6t4xCPtnTskhpRFFsqO,63
3TDWIXarI4pfCrjXKr7RtQ,61
0zO8ctW0UiuOefR87OeJOZ,79
190jyVPHYjAqEaOGmMzdyk,81
0VJXWgw0GWsprapvlpbuyu,71
078lbDGGTqBuTKU3bypXxQ,62
6iaSML1PIYq936g62BDtBq,83
2oHM9KAdFdFvDCaE4V6RST,78
2Aluo82liQMUHTUwpB3oen,43
0xrdZMsJIaxoTHAB4bvGnu,48
5qHirGR7M9tdm6C17DlzSY,76
1CLdt0lJtsExwYrZAykOfP,48
6wsqVwoiVH2kde4k4KKAFU,91
7rq7HvZrCie7MmiGm8pUVC,58
1mAey8kEPmDM2icL56kS9d,71
395WRTyNwMGx80cDXqg6vM,65
1f5cbQtDrykjarZVrShaDI,81
6or1bKJiZ06IlK0vFvY75k,80
376KnY4TrgBITxjlnbnmIy,60
6AQbmUe0Qwf5PZnt4HmTXv,84
1UYLxZIL4IicS6TaPUZFTH,56
3BLFj26pYuPe6DsmoTwDYK,0
1ThmUihH9dF8EV08ku5AXN,75
3yfqSUWxFvZELEM4PmlwIR,90
7icwQvajsokotDfM3tefW6,78
4Vir8uv89eNY6hovcNq4w6,59
1oNcc2isuz7d3hc1fMoHqj,65
2bTRpIxPniQmrSgwmtF1b2,62
2vw2nopHWeQ0EUJPKNy8yS,35
3KLo7ByvjCNyBrfz5DZ2mO,61
0dIoGTQXDh1wVnhIiSyYEa,65
433P7tDcIAi6NLnf4Sh6tI,68
2iDjCLUOGhJtz5cPHljGVd,55
0TlLq3lA83rQOYtrqBqSct,81
4P6BuLsqtg5uISdE77ypI9,69
6vN77lE9LK6HP2DewaN6HZ,84
27NovPIUIRrOZoCHxABJwK,81
0LnS7aOdOdI1dNKZqdOLz4,72
1I55Ea0zVoSKs6MqW7DQ3i,65
0eu0YHRc7cnMjtAQOE7Xyb,49
7wsmIIm0xWmtP7TmACXkJn,62
2ZL7WZcjuYKi1KUDtp4kCC,83
4XiGKQqbmnMVxDzUj6j3f2,67
5IjRKZlpKVBBRn0COL7pik,56
1yeB8MUNeLo9Ek1UEpsyz6,90
5swaNc5Ezn8WKacGObLCKF,74
3Ddny34bFoYBb8dIGq5lwp,66
3nAq2hCr1oWsIU54tS98pL,74
4wrgMRNI4yDJwSSLpUMVkS,4
40oKW22ZNNkEdZLJTScaQI,76
6LyAwkJsHlW7RQ8S1cYAtM,83
51RaJOy09JMFHyPaDgXxBO,63
0KLvDgrhFKo6k1ZSHiv5v3,55
1uL78kFWxhz3umTMWJu8n5,67
1srm5YnZiu7Ksnd2UTTmmk,56
1Gno5IBUHh6vUKp4nxu2Yd,67
4oeaIftdpT3JuZLcCkKmVE,72
0lf7CfXZnvX7LnqL2q8FNB,50
1KIQ0RscHwxXPJUvhuO5Bl,64
5JS1gz9zP4GTy0LZYvSeUK,67
0gHcxtyWQT0HrlGxaxP1KT,56
689uBlyIufk2LUhAwjny4w,52
0PT7nlpo11hYYyfnBgtilT,61
5uQOauh47VFt3B2kV9kRXw,80
4dTaAiV9xFFCxnPur9c9yL,71
7dJYggqjKo71KI9sLzqCs8,93
0JhonNQL2ixH1JcsgEj4Hn,64
1yCVsVH2hQ72SxNI8QTDaB,75
6MGRweoLPBAaPcXTMpMWsA,64
1hzJQIkgXwZevaKsc7iA6D,57
1vnsGFNWNANWMg0CAeMkl2,49
01Lr5YepbgjXAWR9iOEyH1,85
1J0O3RqCeoMcXbayQZDZXL,60
3jagJCUbdqhDSPuxP8cAqF,72
2Hh3ETdQKrmSI3QS0hme7g,89
62uolmVjOio9xIfwDM1ZvC,58
2lXQX3uhFHRYGBE6xR3tic,79
4cg1yakyRSIOjxKM2I7J1q,72
7GX5flRQZVHRAGd6B4TmDO,86
0Y0TOsE1q11qgbi7c5WZsG,71
3TDTfJarTsRXCd8lITkTRv,60
2SAqBLGA283SUiwJ3xOUVI,80
07KXEDMj78x68D884wgVEm,72
1BKT2I9x4RGKaKqW4up34s,73
4P7VFiaZb3xrXoqGwZXC3J,72
3edzl4zvKFi0D3iuF6cs2f,51
2EgB4n6XyBsuNUbuarr4eG,64
5TRPicyLGbAF2LGBFbHGvO,90
41bmnQZoDMQdDh5zyomtW7,74
3a1lNhkSLSkpJE4MSHpDu9,85
4INDiWSKvqSKDEu7mh8HFz,76
7cLnbmx7ZUWAwyocrKz3wL,83
75Bf08PjoDu3CXuWsiVHF5,58
2Hc1LaV6bzFil3dE71eORA,75
65rRB2mspD309xE6YimZTl,66
5J4ZkQpzMUFojo1CtAZYpn,82
1mvDFqbbmgmMmU6U4dIq5m,69
2f2WskmLwsLtGkjntD8NG7,63
4cEqoGTqPRZy76Yl3ymj3V,68
1lw4FrPr3Y8R7Q1Mro2TMe,71
1oOEkBNp4zWnkD7nWjJdog,66
1cKHdTo9u0ZymJdPGSh6nq,88
527k23H0A4Q0UJN3vGs0Da,80
1ZAyjvIk9YiD76yYy0TEG6,73
4p81HJYZufVOTYYpQBT1om,16
19JdbdEwQI7bCxefMokZO8,69
2NM0qHzx4Ohy8iXHEEgwlO,63
4ezAjoV01phDz1SqO6SzEU,61
7CGl5DRfDKgVpoHZv1Thvj,41
1EjzkhMFJgl08Qkn2uDV1d,60
7ge7BHazYbVKi8qyZUX1Bm,72
23tyRvp2QIoxukwDvVxq3J,58
03ERnTvSV5fy8WAyvA4uNP,65
3PBC860LAeS4utDAqlqIe2,57
2RUuKIHFHjk41E7YsJ9HNP,45
21UkXrc9kD48rNpTMI2ecz,62
0PUYUp6TBUZ7mn1On92cAk,54
5hTl2uxJGd1sbLtovguuuk,69
78TTtXnFQPzwqlbtbwqN0y,81
5Q6DJEgNTiN9xcOQzKmw9F,64
42iB9FGhrqTXFQtE2Mypxl,50
5GxnROd93Y7NGt2ci0TwBw,66
78QR3Wp35dqAhFEc2qAGjE,86
5r29mFrurlVBbqJzjr2XW6,63
3sA7HKGzcKTVscdiTCrWpX,71
0Aqlt4N5h6rUtKnd09VXpr,58
61S79KIVA4I9FXbnsylEHT,69
119pE59HeIqBiaXHbw7B1M,38
6kK6Tz8esTt3pqSaNiM1qB,51
1XRgIKC5TPwo7nWGyKqgG0,74
232jKM7OzWMfuwHyf9r3dX,75
5cx7vkF8BQ0iOsVpfvZbnz,68
6heRfvHrUIIPx9TqRg8SCq,63
3EikYy40GMSp8l5mDV6IQo,69
2r7BPog74oaTG5shNYiUnV,77
6etwirSInfuJrSOlogS6Sh,81
0e7ipj03S05BNilyu5bRzt,85
5IZc3KIVFhjzJ0L2kiXzUl,63
4i8qEsqa426Ctz6KRno3dA,47
2kQuhkFX7uSVepCD3h29g5,87
7ytR5pFWmSjzHJIeQkgog4,79
0Dc7J9VPV4eOInoxUiZrsL,76
4bPsiRqWPFPgLiPQR7jNo4,69
7yfg0Eer6UZZt5tZ1XdsWz,71
7oJrVhiTPZGBXWPwhxjy9S,75
3XQY8kDjI8LARMIC9xkxQk,63
7IMwEtpAiJanqF6vQteZN2,67
2Zy7XVdxyZQB8xp5xbpJdl,68
3Gf5nttwcX9aaSQXRWidEZ,79
04uMsCRuGU3lycCKyqBc8I,56
53tv6ZbyeAwfAUwFaxYbfO,72
7floNISpH8VF4z4459Qo18,83
5SWnsxjhdcEDc7LJjq9UHk,84
23NWj2izXAJ4yL6Nah73wf,51
1X1dy95bo2OirAmMkBIwkS,65
2OPxM2L3KtuehqY24vTMGs,70
78p1rF7xx1snnaKxtUzBHn,73
3tDqEKKUs6gf8zMvSuLyLA,67
0I3q5fE6wg7LIfHGngUTnV,84
31hGVTn7MpHC9vovXIVWfm,56
66TxPMqbyDLJOusYH4o93n,60
0FA4wrjDJvJTTU8AepZTup,84
1wGnp7ejkCuXRsehXx0PNP,72
5DSr1NMci58MEgS20vivSL,60
4kfeRwpq5KUaqTkgi4TbDF,64
2of5xn0GU0TdFneR1saRLH,48
7yzSijmAyOMBcHrK6Tfsoe,48
03ThZweiBWFP8tOGsk6QMO,76
55DuTmvSGwNQR4cBgqYuYL,45
0yQw3d0iQDjMrxaVHFv77J,58
3w1WjD2zJqjBjDz5fwqQPJ,79
73xjJ1TIE6WP3HNKczQE4F,73
7F9cT6hIRhnFCYP6GKS0tf,68
1HvTxgCj0mTzQlEo0zLvFb,74
1jk9c0gZI0wbn5GvAj7PBV,66
5gcsJvWzuPMeJBQYdiO0RS,55
5ry2OE6R2zPQFDO85XkgRb,79
4yVEpUXxYgBwfSOKGTFxv5,49
2Y0wPrPQBrGhoLn14xRYCG,80
07NgzcfZh94EiueKm5KiT4,73
0UAmPUdpTRq8w54B3H8TzY,42
0x3TibRgnSqzkcwrqBd4iX,76
4muwDurKeVOB1WBjTVRWlD,69
5rmcjZTrE9JR1YrbNZDFNW,69
6Ep56mDirnv1ORaxN061KY,62
2iWEpiPiIPf5D4f2UGBlrZ,48
5eViBefGU8Fm9OAeJVZJjW,48
1nX9KhK3Fff27SnrIor2Yb,65
6ws54n2IzyrIxxyzlG2bVJ,68
0lodMO0qK83vfPiiD7FMEt,82
2bjwRfXMk4uRgOD9IBYl9h,74
48tybOd2kxWaMjnYrEWTvY,42
7f5trao56t7sB7f14QDTmp,72
0sSRLXxknVTQDStgU1NqpY,77
4g27tVPyGHi38dczFoJZZy,67
0CXVjQI9wsqaGeIARkkpYc,77
1IIKrJVP1C9N7iPtG6eOsK,77
63XXvHR6FfiRDk5lKNNCMI,51
7v96VvFLS0wSYT8kewNLRy,65
0YAQnYt2oB8OdoaeqnHyTI,67
1G5ho820Xi2Qu3HsBZ26ft,54
3cjF2OFRmip8spwZYQRKxP,78
2KjKMrjCqNtqOiMVGgENxS,28
4okhECas0o1H2cEfSPQpJ0,43
1IzJxbARcQrOWMZgPw1PNj,73
19a3JfW8BQwqHWUMbcqSx8,78
60xbqHCRxrpd2Ybc6gqt1M,4
1a73gcEg6h6Re6hHXoVltJ,89
7CIvyuVoWcY0LgUYa1aR5J,73
0aq7ohTG6VDYQvsnAYtA5e,59
0nq6sfr8z1R5KJ4XUk396e,67
33JcUj9qQDayKswunZP9ar,61
1LnATvtXXioQNPeKTT4x9T,61
7sO5G9EABYOXQKNPNiE9NR,87
439TlnnznSiBbQbgXiBqAd,70
2IoZOYOZDrWCOLoZoYedxQ,42
21PYvZScoUng2OZNj21VTh,40
7LR85XLWw2yXqKBSI5brbG,82
3wScL5W8H40zzCKN0atfBk,67
18vXApRmJSgQ6wG2ll9AOg,81
1kEp3Po9RUPm11N5ITOUWx,55
51Nwg5wCDDiqcTntgJUlLo,51
5QO79kh1waicV47BqGRL3g,90
5qDsijQM75KTdv3RtSPx91,68
1p0rEzrK7YtdRZVtiyV7RN,80
4O7FYAjDATiyylfIIAuRNE,64
5ybZcAwqUF7i9gwABLeXzs,73
0Pcs5RnxJrSGGDPabvXE5G,0
2zvDnNLW4yZ4a0YcGiOEBX,70
5mt882Eqx22RwFOTE01jS8,71
2EGtBS7Ws3ajiSkJLviFJ4,53
2VOomzT6VavJOGBeySqaMc,81
2ZBnK2CGFK6jcagWrpyPzA,67
5VE6OSfJkMHyMpHaJzuUqn,74
6rUcS9i07F6okIe8wujs5J,61
1GeFOFZjBs91Dl9vXQSNOR,66
5hVghJ4KaYES3BFUATCYn0,83
6cmm1LMvZdB5zsCwX5BjqE,80
6BOtDFg6GJm0rPUDuNmx57,51
4Xf7EL8G6FRYwvJADl0nf4,48
6KBYefIoo7KydImq1uUQlL,74
67mqtupEG49a5TmGgyO6Xc,51
2a8CtZyPdd8w2csZh7oxpc,52
4KDNRh9Oor80z3XIxdWlui,72
1vrFJDrysqmsNAgyjBzx4f,64
7a86XRg84qjasly9f6bPSD,75
22DKsoYFV5npPXmnPpXL7i,55
1U4mweNwisxNj23ffuC9gO,62
5ZJGv7aGdIr9IGpxzSG18T,87
7bFElqzAlHXnnINRBXRQbK,52
25P4RDITORNQqaLl4y12E0,2
156LzfvMNKuXuiot4uzhGD,69
6sZv0ECT8cEW3oZtoCuVg4,63
0XGLsSU6wtfnKXiMNvQr61,58
6fTt0CH2t0mdeB2N9XFG5r,61
2FTeQQ5Rg9tBpgpTF5mnhE,78
0D21XvHcVsIvJM6FcGY2BT,56
6cmXX1EiigAAyvahpqfa4c,68
2AaJeBEq3WLcfFW1y8svDf,62
67ncYmW29pNJJY2yXuLPwT,70
5fwSHlTEWpluwOM0Sxnh5k,83
4xolssBs118ExHCWXio9YX,63
1cMMVJ4FDqhCci9efd1BU6,78
6fMzgFFGzWCwiHMzDzNpp5,62
5Ryu0SlsYjKh78RkJUONFr,78
0rRboI6IRuGx56Dq3UdYY4,69
3O0GMpJ1FvMPHFfwNbG6gL,5
503OTo2dSqe7qk76rgsbep,85
1jZi8HvWkfWIQcmlxmqber,42
6SN1H9p6A0UbsNpfkxEEX6,61
0k1WUmIRnG3xU6fvvDVfRG,77
1MIGkQxcdAt2lDx6ySpsc5,69
3GzjG6Qah8cplpj5YAURLK,53
2Y3USTCETS4xbjJOzT1Icm,53
51rXHuKN8Loc4sUlKPODgH,73
5yY9lUy8nbvjM1Uyo1Uqoc,77
2kNtAwWATYkqV3CdT20RV0,55
50a8bKqlwDEqeiEknrzkTO,84
5PTG6rrL6EPFD9E2QMI2pl,68
2BJSMvOGABRxokHKB0OI8i,80
1ITpqT1kDATCtMBwOK7sYn,71
3uhj2cu8D8fPVItsLbCIsj,56
6dbSBQXCctYSVryynHXaZ4,71
4OkFBMU18NidtaefaTjUq1,68
7r6PigmGzlB3YPB7wvBBbi,77
2krzD9gBw8tI3fmFyCv4sR,41
4rXLjWdF2ZZpXCVTfWcshS,93
1UGD3lW3tDmgZfAVDh6w7r,82
5uDASfU19gDxSjW8cnCaBp,78
5VSp0XbyCq5IzNcfPL5X0t,35
2dJ4rGtsOHOgvTQawsCRtg,68
6btyEL6NwUa97Nex9cZFvo,71
67nepsnrcZkowTxMWigSbb,87
6JjEVlMkfHWMeYavkEYzNO,69
6LBpGdlukUARutol7VgWIS,70
56uXDJRCuoS7abX3SkzHKQ,71
7FGdjbZ32vMybPuP0IuE7d,73
1iAWDVZem3Vx3Pb8fTUTEL,51
5cc9Zbfp9u10sfJeKZ3h16,81
0vjeOZ3Ft5jvAi9SBFJm1j,88
0k6DnZMLoEUH8NGD5zh2SE,74
39liuGHPxn2sAyvO6DINor,53
7tqXYKq8L6qcPLMP08FmMA,33
7uJH0YdSZL6psjxI6Xy08b,77
6bsRaxW3vYniwPytZQXZB6,50
0ifooM33X1iBxVYyOkSbXW,69
2HbKqm4o0w5wEeEFXm2sD4,83
00I0pcNkN3IOX3fsYbaB4N,58
30vAfL9Wyu2fu07vdbZ1Xt,62
0KoBrntyQ2x6Y1eZwgGe5P,71
75Pos7nHiygbxinaGoEju8,55
1udwFobQ1JoOdWPQrp2b6u,93
2vgUijXOTRMnWXDtvgMp2b,76
48zmVAYyyhoWfTDe5pGynC,47
2FCCvPwretXhdWcSWCM52A,8
3fpTMuD1u3gJlVI4FadVHs,75
1hg3RlqFZXJb5YgRoK9qmF,72
57hCSu4zMTdnSum7NBL1Ye,59
59OeNCL9JB3lCAdxMFSrkd,20
3jDdpx9PMlfMBS5tOBHFm9,79
2g6zbVqZvnc1dk6cYUhr5g,49
7eJbnuLHzBp948ybtKDyQn,36
1e1JKLEDKP7hEQzJfNAgPl,83
3s7MCdXyWmwjdcWh7GWXas,85
2EL58P9iKGM5L2sO203i5y,68
4wrhAoRQfmv35znEXDip7X,61
7mhk9WyqZZzvTTCQKfh2iV,56
55WLWX71YkHt2tSucNIf1g,71
5BtN3kFKoISSWFpXWz7O4L,49
4YrS33mjBWWchoLJTkAKwt,59
05WIYJYtnZHUmL1uuYmvY1,66
3kfhS2L56Wj8fBcu7xE47H,81
1oEtKSSBOmCVXKCCJMfOFn,57
1h6kgem1ai8vUgO1rZOwfB,79
6eT7xZZlB2mwyzJ2sUKG6w,80
0xPcT6j7JFdJjRvQelyGr6,57
28KTX2uEk6n9UiE7J8YDKF,22
0Dk9lP1YnOqssHH0oCeq9u,74
5NQbUaeTEOGdD6hHcre0dZ,77
19h1LNf7idduUW3jBeswB8,65
2FUNBaa5DwItJtYEBgAblU,61
5xpmdbQcfIOsE1hACcC3UK,52
4haJoBPbPj9QFKNpp9e8kx,55
5ByAIlEEnxYdvpnezg7HTX,77
0wdlLb695gFP3CSiUAqxls,67
3J8Q6aBhjpvao8BsBQ6H9Y,60
11Iv8RCFmeImLOpaHYxKb4,61
5X2I1TVUkchLBggRTCMYem,54
1pDbGAAH5GQ8U0KG4fI77H,69
5hTVyxGfOKyBYhY8fgIIzT,45
1gVCEnryJhkdQcuC0Kbvor,58
4NTWZqvfQTlOMitlVn6tew,72
6JvHYmanlC8FdbeiCztcrR,44
0ezyHSFGFs61yiiPB3EpIY,33
5m0yZ33oOy0yYBtdTXuxQe,80
00Blm7zeNqgYLPtW6zg8cj,75
5j8sYRvWdZM8TgVJXYad1B,49
5zNW5ARjYhJQJz1AChP33n,68
1kK6DwzyXJSp58u5HYWwuD,65
0fySG6A6qLE8IvDpayb5bM,70
4Kz4RdRCceaA9VgTqBhBfa,78
608a1wIsSd5KzMEqm1O7w3,73
5IaHrVsrferBYDm0bDyABy,72
5nzhL67GpF9szXWg5y509A,76
5se6K8sonaVJGu1mjj6ItC,40
6jWOsMGwl2eX0D7yuEGAZv,36
40kr34pxqFJKH7FlgsF5AO,38
0VgkVdmE4gld66l8iyGjgx,84
4ZT9EKb1iN9Cd5omcHcfoZ,17
6Hfu9sc7jvv6coyy2LlzBF,74
0nqhKXDjsyBMvbeWmgijD0,67
2igwFfvr1OAGX9SKDCPBwO,85
3wKKkGVn7cVSfgPeYYIiXG,74
1GI5NXx8MFhFl17cJtOZ2n,39
7jI9cnrZof9mRNpIsA7QQN,47
4loM16743hROPC6uIJG6wM,67
04KTF78FFg8sOHC1BADqbY,79
0ESJlaM8CE1jRWaNtwSNj8,72
79XrkTOfV1AqySNjVlygpW,74
3m2aDCqn8eT5ElXDUiboGU,65
3FWIVRlEAxuZ36EcgRKw56,6
577YBGuskWkVDCxZrLRB4v,84
6nO3tr47nr2P7f3hXb8JIo,69
3Tu7uWBecS6GsLsL8UONKn,69
2aSC2xhRxOLiiZZVjhbylH,76
0RRm4OS5ymfZryXBuj0G2m,64
26UxwWl9xCb83OynXELJcL,68
1qlh1WxuWilyIWRwdsKMuJ,63
02RCbjb9czvQKNGBmEmWob,67
6b8Be6ljOzmkOmFslEb23P,83
5maiP9UMnTSgoxPX8X3bdz,63
1WtTLtofvcjQM3sXSMkDdX,64
1ulAlG3x3jWtCCK2SI4qyL,54
2HsSzwrvvgiYSCdsYLiJWB,62
0c6ZOImLejI2QuxHZ83GNB,5
2ktPib6e7LCnHX4LZECEyG,59
6Aa7aDayiQHnUw1dUvdneZ,74
32ny2YtiR7zKi7PBjiQ5Iy,56
4phtpv5Fac3UlKsilybzyb,5
3Uw0h4GVLVjoUEToSWe0gY,55
3ruoIF2UnoXdzK8mR61ebq,84
3nS9a01VvXHQriLqJYwRqG,73
4EzkcqltSOxYE2lstuLOFs,73
2nBI3iWLhupR7LyAJ5GGkE,66
2qh4lSMXnvve7ye2GYLTwv,46
0KKkJNfGyhkQ5aFogxQAPU,89
1auxYwYrFRqZP7t3s7w4um,86
3IPGG5Niex4hGlXFOYWzp9,71
6X5OFBbrsHRsyO1zP7udgr,63
0Nf3vtVBfiayZL7c8r4KBO,52
0kwae8pEuAh2n6JwXyddHG,15
2A0G0bPmlkUXUbvWqrAXzg,69
7s49Um7G06hq2rulrHPsIy,51
5Q0Nhxo0l2bP3pNjpGJwV1,80
4BycRneKmOs6MhYG9THsuX,69
5tkDCf3xKRZjT5RbCb3sZB,54
0DbO2UQHQvlcwMppuvmTpI,64
31VM9uxtem39xmT0dfDiSU,39
6vSRW8utiYAdoCfJG2v86r,78
5rU6kDNXZLXIinFezpbWbO,64
4afMG2PlvFfX976bZJvHmb,50
6rTInqW3YECMkQsBEHw4sd,71
2ZdCrBA52bb4pIG3tOOZiQ,65
5B0kgjHULYJhAQkK5XsMoC,77
4Cv5dkUBqepa0siwGREihD,64
0WCbhE2evMrIwRM0DlMy9k,50
3GW3dMxqIbl14cZtpLRQBy,60
0Z1nbG2KOuRKntstSAkSox,60
62Yo3FDddWY8ydu6PW2wyz,68
7jslhIiELQkgW9IHeYNOWE,62
1Jl21sidRpEdlVBvYbssLx,56
4tqcoej1zPvwePZCzuAjJd,86
4NVNapccSX7E5JLiW0uQEy,65
5TlAXiBCBwiQnIZUAA4Jkg,61
2HbTwmup8SWz5tMcKZXFLh,72
7GEidxhfGNteiW9n0kLyxH,53
78sr3ogs4UzITcCNbXM9cM,60
2uiEqPjMmIJXOKplzsEASP,60
0osPX8TruIebOhKuG6GK8C,65
7lAK3oHbfEnvUQWosrMMpR,78
0B8QzDH7YWih85V5SEMnyJ,76
31lopd32BkJBTSgYE16c5e,68
4F7A0DXBrmUAkp32uenhZt,83
4uu7gKd1PffC7QEMcMk0Ro,70
4Iedi94TIaB2GGb1nMB68v,77
0OPyDgTRuIdCJ9B4bYSths,74
1EXgignL7eG2MHErBEAD5d,62
3swc6WTsr7rl9DqQKQA55C,79
3bMNprrp2JDKZsGbiXpsJl,69
7Bpx2vsWfQFBACRz4h3IqH,74
512V3IJCkqvN8uWmXYgGXy,47
4EDijkJdHBZZ0GwJ12iTAj,80
2MyQK6cKu9IAzNXiBm7TD0,56
1a7WZZZH7LzyvorhpOJFTe,78
0QjSXEGUUjE2TwwTUWodN1,34
7eaKWfov7b2Qa2n6HTesL3,64
2p8IUWQDrpjuFltbdgLOag,86
1N0DFA1BKu5f2rrvoDotkJ,5
7yKSPAeiLHVJFSkJacPTmJ,64
6wJYhPfqk3KGhHRG76WzOh,73
3XOalgusokruzA5ZBA2Qcb,76
1K0gaqpmv9pWtIWZl4EcAG,67
05nbZ1xxVNwUTcGwLbp7CN,70
0wdKiSBUT7aZkXUIdJWcwC,71
62hpoPrA3rtfeX1aWONig5,62
37jTPJgwCCmIGMPB45jrPV,64
27PmvZoffODNFW2p7ehZTQ,65
6G8kHiVZ1jW7vHMPVRNZU0,71
4zrwPfq5ENLzjq41Txs2HR,65
610FzmkhFSsORpECZbjT4X,55
3kW4z2pIj5VY5fLjBrMRL5,67
42m3eP1JJhtzffal9B136J,64
2E79dyG3vXolWuWiEXqNMX,60
0b4M7hd7mzLTm99MrMeZsp,71
4ycLiPVzE5KamivXrAzGFG,68
500l6Cwe40hkPqS7Sf7ufY,75
2nibvvDdAQkVraYP00z2RS,76
5phjnA00QqNdF7oo8a6yu0,53
1wHZx0LgzFHyeIZkUydNXq,77
34Aj1Yn5hEZKmRKkfRQNAx,56
1s9DTymg5UQrdorZf43JQm,78
5259GVdvIOBkcqo6L2i9qw,58
4kq0Fzt6XmGNN1aXY2QQsS,54
0jkeRqlWciqKxU3iHQfdWj,62
3OdeZ1MhdHaRqAZLpowKWn,42
3RgGKsqjhUYptGgJYHWfFF,6
0pSBuHjILhNEo55xK1zrRt,72
06JvOZ39sK8D8SqiqfaxDU,77
79s5XnCN4TJKTVMSmOx8Ep,83
6Zkz5Y3SXPB1Pcdr6zBgzi,50
12d5QFwzh60IIHlsSnAvps,67
19s7W71y7IZDAn6X2mnCqr,63
0tPShxf8VJUH6RBDEP3tVB,49
5dwT1VohRzyqh0qO4HqsJm,34
2jGEiQ3otr4CPIeBgefjRA,62
3K14Lbs8fFa8nTQ7bacADg,25
4Wlz0HsHZlJy0NDK2h6jq6,73
5aooThgj87ID0vgiyvcjPM,66
69bHJ9qs5FrUJbKP8xU8uZ,76
4Se3fXoHJkcraQzJXo2IYn,82
19n0UZuW8AArMVWNztoXu9,60
2XHzzp1j4IfTNp1FTn7YFg,87
3Jv1XgMPVjdN5xGfnRJ20s,59
7I6DceMT3utDOHjcYCbrr4,77
32lItqlMi4LBhb4k0BaSaC,78
1gGsNNUfvVMOv4llVMg8Vg,66
2vVc2G9w2JteBgxpSUVwX5,45
3XLSlQLJf3Ut0zvMUxnF1h,61
34PhB0kHT00utubP3aTau8,64
5VA4Ispp52EA1sOqzMz3Av,75
44sYqNBttbXNxya33FJ3Dj,77
6jy9yJfgCsMHdu2Oz4BGKX,70
3V8UKqhEK5zBkBb6d6ub8i,77
7iHHxY2NLlJRAmlAmC4ahQ,72
3NqCEpT8xsHdzpiRlM1kpS,74
5X611ZvQ04aqHuZcRl1iBo,7
2wAJTrFhCnQyNSD3oUgTZO,85
7aRCf5cLOFN1U7kvtChY1G,83
3QLjDkgLh9AOEHlhQtDuhs,81
0AAVJIN4plafvmNKqRCltG,65
6jmTHeoWvBaSrwWttr8Xvu,71
29t9XYOV65fFXiVzFFJgHH,66
0SsTkfOhM7e87trwjEqBQN,49
1DzJbVkBELu6jDu6q0T0tk,68
07RXBKfyCYIYRMLCvlGWXU,49
7xVLFuuYdAvcTfcP3IG3dS,69
4bTP7W5HEJYG0jR6EMfNka,53
05KOgYg8PGeJyyWBPi5ja8,65
3IQgeOgdHIag6mu0mgKRgQ,57
5W7BcYDIaeXnpG3e39T7hJ,69
12KG3DCYkxoMUAPWq1uFnw,63
5Se32hEA9raeboZerywxka,85
1kMuU3TNQvHbqvXCWBodmP,71
5InOp6q2vvx0fShv3bzFLZ,70
32a5eLrlrKiXrqb1D16CUY,52
4EnEGf9JzAJhF1XNY9DJcD,55
7wQpnNx4hp8WcXhwsUc8NE,57
2JmFRXaJrkAUD2cs6U20KG,70
4KTtYhxFtFL7mBwnjkKfLm,74
5nujrmhLynf4yMoMtj8AQF,85
0m3Ze0cy8qBHSsV2exAfCw,67
2cYqizR4lgvp4Qu6IQ3qGN,84
6In6SkveIw26thdYRhHTVX,65
06UOL50QYtDR5l06ohu88m,55
1bzM1cd6oqFozdr4wK6HdR,64
62nb5YUYUqtYJhVPwRhCke,64
67g3peWMWu7Vbq7aZNe1Ts,42
14I61w6cyYUHiV2n28IYdP,75
7FWec1Je1DluKGUKZCwkq4,58
1xqRKo0SDFDO5Jy8yEVD0X,61
0ZNrc4kNeQYD9koZ3KvCsy,65
4WuOWVnAqvEQxgSRrspBgt,82
2TH65lNHgvLxCKXM3apjxI,76
4eX11XA4JA2Lx9EleyriMD,26
68Dni7IE4VyPkTOH9mRWHr,91
2c2tlXfEmLgUNvxngIi1qL,77
02mYw61RoS1vXvkD9Q5dpN,64
46lFttIf5hnUZMGvjK0Wxo,77
0VlpgNPHWCyh8xxLcaK2fp,65
1WoOzgvz6CgH4pX6a1RKGp,69
5LKIZ4UTKebSE5VFbLSQnr,67
7lQ8MOhq6IN2w8EYcFNSUk,91
192RjH0gN6en7nE6ElN96T,61
02WbmXcfVEPDOZH91K8OtL,62
0U8AQGK1eB9b1mINnFMicZ,36
52OczisW5YSWIAJiygxs1M,56
46NzAxDzsE443IsyZndZfP,79
2Gk6fi0dqt91NKvlzGsmm7,83
41bIQPBE1lFN0mmw6Lmssz,76
7l2nxyx7IkBX5orhkALg0V,76
6o2g1BJvtYQssH84kBYs7y,68
39RWYLt6hgk9BbhkDgaHW9,62
16dXg2YuFOxwDC3cTf5jde,53
4mIHgQ3ofK2RK34UdbqMbe,78
4OkiWfrZKmmVoILXk8JEtl,71
6nu35hLc8zsA9bwBpcuf5L,58
27mhCGdAA8gM7b33KIiB3k,61
4ckuS4Nj4FZ7i3Def3Br8W,66
4osgfFTICMkcGbbigdsa53,85
3djNBlI7xOggg7pnsOLaNm,64
3FjK86616FbluOfTxNK2gY,77
5W8jRrZ6tWrTrqnKRtIQBf,76
4Z5FyQlevoHoa5FsIVKZju,63
6ATrsVaZT7XjkCynxM8cTS,65
7JuHVG3qQKQKxC4doneXVW,70
22L7bfCiAkJo5xGSQgmiIO,81
6foxplXS0YEq8cO374Lty4,48
40mjsnRjCpycdUw3xhS20g,77
3a8tAZFJxlmBwOtrf5L1oC,65
3SShjQBczSt1HMpWA9zbwE,67
0KxU9wjCedUxSGdjuFdBDu,71
1j6kDJttn6wbVyMaM42Nxm,75
1oHNvJVbFkexQc0BpQp7Y4,77
1MJErNPIQUoEMu4YUUmecm,73
4jVBIpuOiMj1crqd8LoCrJ,74
3Ho13bRS28xEvGvgW4LOFM,58
4Hqh0dS4x07zuRw6eBTO7p,63
50ceCGZ3oD3U5caQV5bP6f,66
4GXl8l1MfZPf2GvpyRPJBf,73
4k7CmAZYtT53oXNxQReusm,44
7HyAAmp8lsDoDHxyvaEaDK,52
44gmXwbdHjwQsQvsiraj14,79
17vGPZ5EsdvtgAOCD4FLWI,64
2jScsSbdNBEnvsAS8BYRVF,4
4wVOKKEHUJxHCFFNUWDn0B,82
6gpcs5eMhJwax4mIfKDYQk,72
7rvyVWja33WG9R97oeJAjx,70
4ZT0wGKwlJRjpMUuwZVy3p,77
7AvprzMsRJpybaalckaT8c,70
4s7QLoImIwmPi9L6dq1nVW,75
6BaxqcoEM9r3LXisTyJjST,67
6GiOnqCGSAlSFDJeE175If,61
27ZZdyTSQWI7Cug2d2PkqV,74
22ruOqBqBRiZDiXFud4OXa,69
0r2Bul2NuCViraT2zX1l5j,77
6BdgtqiV3oXNqBikezwdvC,72
08uGhvS5MfBk7crUCpnjva,69
0Ymjv0OJeIIPXr6s9wi3iW,79
5mEEpT9MaL379P7RJWFbx9,0
3kCwyvhvVTyehIzYN2I0nF,59
2UMWdssGd4rlT9oSeHUZh0,44
4wFjTWCunQFKtukqrNijEt,72
63ZKUKbwb6Zozlk8LJCiPB,43
5kGCh49aqeRMkEOhQ9mcrW,46
0k7wmahjkn389wAZdz19Cv,73
0QIjsbm2fh1cJ45XO9eGqq,79
4MRT0dDbhqFKl67WzhUbSw,73
6xbraxG0bSBOuAr5IUXmtM,69
2ihL1KGMA0geIqGT5pkZzo,58
3ndumr5hw721OmT5opZ5Zl,51
67W5fd1ld7dqHNCfaQu52I,46
2kdhiombBoiHjvSKG3EI0m,50
1UMKquW1olreYO1LlLmTqi,68
55OdqrG8WLmsYyY1jijD9b,63
5v7kaZNsnyByrSJOfO8gKq,65
4gVX26KwlsIh9Uh7hKIRjp,59
3rALMatm3fRoubDlouWRpi,43
7vanOPJ8GpUOxgqzAU2Tuu,55
3NJG6vMH1ZsectZkocMEm0,68
4pCEIQ6wBVuaJdER5bALtO,58
3fHNHBb2eGLahIvoVa19zq,56
0giAhiU1PIrYKHRpKNp4XT,64
4OjuzM3rTWp3q60mEldNSF,59
35RJhm1pEovTBwnNR0zWad,72
7zi1lO8F71WtC8ksORVFVV,40
5Z8HZM6iQMhhqyPcCGY5g9,73
5Mkbqot9JUaN5XhRgqITME,69
2NRUU0gP1d8Yif8CpsCW8l,58
5pHJv0bgNsT9nPoK2BjNBn,65
2qOm7ukLyHUXWyR4ZWLwxA,84
4LwU4Vp6od3Sb08CsP99GC,82
08dz3ygXyFur6bL7Au8u8J,71
2WP8G2pdddDmnh1xbfKBOI,78
2Tzmhv6ONBv2lULdPDNwUK,68
0k4d5YPDr1r7FX77VdqWez,82
4PpuH4mxL0rD35mOWaLoKS,61
1gqkRc9WtOpnGIqxf2Hvzr,72
5CM4UuQ9Gnd6K2YyKGPMoK,80
5Y78yINSOCW6xbOfGWNBg4,60
1fXnu2HzxbDtoyvFPWG3Bw,77
6ebkx7Q5tTxrCxKq4GYj0Y,82
7zy7iE31dGO70ShMXghsfj,62
5g9lS8deSIxItFBmZRC4vN,80
27AHAtAirQapVldIm4c9ZX,70
59nOXPmaKlBfGMDeOVGrIK,86
0k2GOhqsrxDTAbFFSdNJjT,83
68MTDH8Kk4jBEV1ah0n89s,78
3aA6xB0tOilDDX17fIJ0Bl,71
794QVQtFNy7hvtjQP1keQd,60
3ySqZ8yGoh4Emi9HiPCCdP,66
7dZAPeA3Of5j5Vaef0DQ6M,60
4fFHFp2cadSc397kr5wPbx,66
7DpXKT1mT5yuSSoF5qA66z,42
2JI71GHwq2LN8mtq3iCLYo,63
6LxSe8YmdPxy095Ux6znaQ,81
0dpok9LbD1eATa5XPMardF,60
2KLwPaRDOB87XOYAT2fgxh,79
5yJzkdwbrQCwua2dIC3K6A,69
5WoaF1B5XIEnWfmb5NZikf,76
6LTsvaebP6V9tJFvZxqi5M,52
78JKJfKsqgeBDBF58gv1SF,70
4VMRsbfZzd3SfQtaJ1Wpwi,78
6n3HGiq4v35D6eFOSwqYuo,84
64rnghzDMy4cAEMZhSOp9h,56
3iL2l5gUqyPS6vDwJFgJTR,72
1ZHYJ2Wwgxes4m8Ba88PeK,75
2gwkD6igEhQbDQegRCcdoB,71
5Lzvwk89KPUl7Q8Bl8faz8,13
6l45AMUGFsx0yZ2rxnzrKA,65
24LS4lQShWyixJ0ZrJXfJ5,76
4lUmnwRybYH7mMzf16xB0y,67
5OFKWrKbS8iTIGxgjyHDzW,56
4UQMOPSUVJVicIQzjAcRRZ,76
1VLtjHwRWOVJiE5Py7JxoQ,83
3x4I4nRuZp5NdtGvCPw6Ms,71
5XMWIwwo1YLNy3zn4c5CBW,61
6755DFiZ7CWe2WMdTGW5C1,69
4MXhiYIRDMGAuvZc5IFTwC,79
1QBwk6GTCxVdC2hoSw9tlM,66
5pP390EcAYj8wYcKl0E36l,41
5XEu8x6EaJiQRPeKMAJuTY,0
4gJUBncw0XCMTBHneTjqGx,42
22VdIZQfgXJea34mQxlt81,86
0Ft6hwGWdCdujdK6TOfBV7,56
3aQem4jVGdhtg116TmJnHz,73
4GfFIza7yEWJ9ooDkmIbgE,51
3LSBODvr96eWDzLPyuc1i4,63
7MDKvOzNgAJ3KMCtaP2UOa,50
0VZe8C7xgAIQC0E0qEVIEh,58
3O8NlPh2LByMU9lSRSHedm,74
5LUUJL8EfdmBWNS66wD7B5,52
3gE4eQH3K83Sght0ZLvuBK,79
2dxjKgT0li4qBI3QwuN9Ih,76
3GdWfmQBiiJrDUvSZS1bGv,67
1fHNx9MymVjrxGUbq8eh46,42
7EOgYEXi2w5SOcNVCjCvzy,47
1PNGJBI1Lx0h8QCpkHKZLU,52
1i9lZvlaDdWDPyXEE95aiq,87
5raTDhlbxFDnpn89bxArdH,59
4U8hMes3PqpsLJBeMXD71p,63
3YqJ0iaDWM0aqEDQExd2j3,69
20MuVazoNMv6xjKPnRFOxG,71
7r6LNJT2LqpLpEyZQJPygt,55
39Xs1TO452MZhc55Z9MHn1,47
3fO79znP8PGK3E9lxv2rlo,59
55Q46o5adtSobImSKrrlqW,66
5Tl0HJvynZtKdSUMKbFVVX,71
1rcEtzR9Z07PvQBqUxhFcU,50
1Hd2XLitkt1PYCWSbfF5qV,58
61LtVmmkGr8P9I2tSPvdpf,71
0GzuHFG4Ql6DoyxFRnIk3F,69
2Grb4G6t9VIqo6moKUloom,72
6HfOzLLjsaXsehIFEsrxTk,77
25oOaleife6E2MIKmFkPvg,71
0AluA5RNsa4Cx6XRhf2hWZ,80
1iSqfoUFnQwV0QW1EfUit8,76
7JpewU9FPkJyiOi0CErkpI,49
3Kwdm0iLyEiRB8InsZoo6n,67
1wf4LnpdAhLaoI2WwYDKAE,56
2qGfZAgDe1pV2y5xJAhi6R,67
3zpGLSQ8QbbUnNjweWPLMD,59
3CA9pLiwRIGtUBiMjbZmRw,81
17IBDpAl3J39swaoPlfGpp,76
1h0XARxXykW70AGlcWmnui,5
4ngnFeJ58ivjFl0gFD1Osh,54
0cNJ3huiV99wvUN1tmQLTL,58
5ChX0Yt1wPpRJFPPecJZPh,59
3DK6m7It6Pw857FcQftMds,89
1xHcIJHIHwr2PUyTmFTWTy,65
2lD4LsB3iQVnddkVM2RFAl,55
76VtA90NKurNqaQpV126Ue,70
4uUG5RXrOk84mYEfFvj3cK,92
2jZx9wy7JVYYF2Yxe6fUNl,44
5YCs9rP6ZcMJW6me3QhtWr,53
14X1WxiHXdVRJ99cMCBzOE,62
4P0osvTXoSYZZC2n8IFH3c,73
6Vdyu21iT8qScU1haSjWUU,68
4CXSzoyTD2MmedFArsSIUp,55
0uH6JssU7mWkTT9mqeqEvL,66
3ZABoOZ5vW0VU9zgb7Pj69,57
4It00tEYLwpjQtAhqnjCPC,62
4cbdPT6uaBOgOQe3fLMofl,69
2gQYziDV5cSTRSqr6akzi5,73
7eX3um6NpOQKWJMGCi97XD,65
6vU0sa31iayJqgOhrYfWz5,0
46wojTgyEs6lbgaWB6yIuz,73
2oENJa1T33GJ0w8dC167G4,75
52A8OAP8lTQKZCj4Rce92B,69
4UUFTQKwwId0n1P9t4ZQhx,47
3wspfG772mi1c25JpnNOVP,65
3aHkbJXFYpPrup2K8wvDOV,54
1ne7JVHEPnoncXzQunQVKW,62
6RUpJeXT6U4SPEafnr9Wr7,72
0aI4gwTJOxwff7Dx1X2LG9,17
7e44z4wOjkllaD8eulUeMd,66
0OCFIEsSrmKueOiPK6S3xq,69
0oT9ElXYSxvnOOagP9efDq,57
2SLwbpExuoBDZBpjfefCtV,80
5u6vkDnOyaf8LsteDAj2ub,74
2tOZtdbkAMQASWokLvSlzj,69
4oaMjGJmklKvijYkP9E0LL,55
66TRwr5uJwPt15mfFkzhbi,79
43CIWpJaJHRcI4mUSjqgc2,71
2uTG00P1DkhB97pdITkl2O,61
6gxKUmycQX7uyMwJcweFjp,76
7G0PgkkbavF7Rh4zNrUxH0,48
6acI7SsHsANgk7Kf62qEtu,35
4ljDnzzqwnRIynr1g55um4,58
3cBUv0RIoEyAm2b7qimEY6,51
3uJFmluXzYedoJcvhpC1AW,65
3Lc65aYhtNRO19Fnq2oMb8,71
6Nw1WHydftZy2joT2nTiCR,69
5kzruPQIvdiTMKi4Rubb2H,36
12Fkyg9lpmaz2zmKOfw2Y2,70
1WRzux3cJRM9xRNN99QKgR,75
2u3EyuCqqV31woqGvO9LBz,70
5f4Hy5mw5SRaUgXX9c6P5S,75
7zjEyeBsaw9gV0jofJLfOM,69
6UHfW9PmGAUjIVeIkPzPQ2,60
5ItzU5pBrFmRUudfr5RkJP,61
0HUptiGFVM5Q5YHIJ920aK,37
2AhAhd9BiyydtKq2hMdb7Q,67
4daEMLSZCgZ2Mt7gNm2SRa,78
5BbdKBZO0TH0GhfxUfyhL9,85
1PSBzsahR2AKwLJgx8ehBj,74
4Z9IvDlREqlkgo7SzMX70q,28
4uhvMW7ly7tJil31YYscAN,74
2okC0OWtgS86P2LC18IzHy,49
4kjI1gwQZRKNDkw1nI475M,89
7DTlsMOQjGysXHpwwpHuPl,70
2ut4BOQSqxLpcX5MtPjzYa,76
4gmmRb6bZJffOOiww1JGTO,76
2f86Ae3R4OKAu1lEIqouih,75
5J5PXmMdQ2nh1lZOal8KmK,63
7jRoWfRlLnGYEIEn4t4kbq,67
08ljt6NCNAgewQaMya1URa,64
3ee8Jmje8o58CHK66QrVC2,84
4guBZjUyrGoHsTahO3IHdj,79
5LHHKZOwV8XW4LJP2C64mw,63
6lJDiHzVKoUz6XfuPZfBrU,33
2eqOjSC8dY1iFrQiJGPDOX,54
4vVjPTApwXZwB2H3mBq3ml,80
1YR9iNGXtsbrd8deR9ULDD,54
6n4U3TlzUGhdSFbUUhTvLP,78
7FYH5AW3bVfZHJIQpq3UOA,77
2HSmyk2qMN8WQjuGhaQgCk,78
2QpGZOhTCHHiKmpSO9FW4h,77
0PJIbOdMs3bd5AT8liULMQ,78
4bi9YrkOvmg4Eb7h00AW2c,44
40iJIUlhi6renaREYGeIDS,86
1bDbXMyjaUIooNwFE9wn0N,87
3aGibUHhQyBsyumYHylw0K,69
5lqQaR00aXDezywi6GfrF5,49
1WIZiOuNO3woKfdlSK2gNn,75
6vDyzD9o8aYhR1963oJpkO,63
4NeOWqHmlrGRuBvsLJC9rL,77
67G6iaOw8DZqp1z8STR89R,65
6gbiTbclnHlmSIPfmF2zEc,79
1ZHbGd0JjlE5pjvlmYwYTr,49
0srwKuJPH8yBzzFUJMBQM2,69
3pjzb1lnMOJbWbghMGSp23,59
3LR0t8XqZ1FUj6nj01sXN0,45
3D9taoYmHLUAXAjpz2CjJ0,27
6qn9YLKt13AGvpq9jfO8py,87
1cZlBZwnwGPtYeRIeQcoFh,67
7iTTWHbr4tAlsRJN4m4bay,74
0IakguBBeTUsAILmugkEam,69
5C8h9PY9oTneqJihbn10NB,79
5UusfWUMMLEXLMc1ViNZoe,63
2Vevs2eAQNNb7NTpKj5kqA,54
4cSSL3YafYjM3yjgFO1vJg,69
0nbXyq5TXYPCO7pr3N8S4I,86
3SwlakM6VX47IwG0Wll5ek,59
733c1CWmIGymoQXdp7Us88,64
4jBfUB4kQJCWOrjGLQqhO0,75
3BXXkwyhsHM0EPApHMhQC5,45
5ORf8BZMbq4xN9kiumrPcQ,51
47pdWGnNwMniPjOzgl7w68,64
41ZVfYzfOD4b647z6xDdvb,0
27g5G3TW90FSm3YxclYpAs,66
6o3s08kk2fQI37vxGZDrJ1,71
0E6PsO3ymCfUh7pJQjBgkj,60
20FZrLl9zSbO9b3DhaqO6M,72
25GyyK9CyZRiDCsPY51fIT,69
6P5ulGKtC4x6RnFbzfpq8O,64
5O59s7bCgTFsXDXlWecyQ1,72
0m7ZSgJGoOrKR7SQFSjJPw,43
2EEeOnHehOozLq4aS0n6SL,72
1TZv3bujNaYz646eezRE91,64
6ya8ejoKgw906Y8LWclqrp,63
5g1vtHqi9uV7xtYeCcFOBx,74
1oWM79mUVdZGCGYjSirHZR,77
26Hgx0810XUis01XWvoftB,64
73f5rpLgydSRIvHzRLcJFF,75
0U9qtEaGRe3eF3wllSIvxD,0
3XoMtVDuIbmMQ9UKSShXti,67
6rz0dTA0PdhXImFV5EjM0w,78
6HJ34Zyw6bg8yGm28AxLXf,74
2rMAtCaTj16NptyVfEIeAC,66
3Ol2xnObFdKV9pmRD2t9x8,79
0YkUwXxnTkeJBvt5upeEtP,63
6MTf9Q8yPuD8Vv2btCedNc,39
2pQUZWGfOZgzsF6JCShpUQ,0
5A6OHHy73AR5tLxgTc98zz,78
4PnNzWe1LJoAMD5j5RHpI0,69
1QPreu0BNOrUfEb8HTd2qG,77
04R63LtwXGvm2OO5zyDa3h,31
1CDBn2Lm7E63XKQDsdCq6O,61
7CZyCXKG6d5ALeq41sLzbw,78
293mQGfVwgXIOdA1GpiwAt,75
3liqJgK86KQinyTdFYVy55,8
6PeXpPSKtHIu3NFCdya3be,35
6og219WwSl2pU7oXyXfRMe,56
0O45fw2L5vsWpdsOdXwNAR,82
00kYtO6UJq0q9aJ1n3iY1c,39
1SF8piqsZWn86DajVKih8F,69
37F0uwRSrdzkBiuj0D5UHI,88
5kNrhABkAowO87oF0EHDPv,56
5BtNw7uJInbyzt5gC1zODz,51
6SwRhMLwNqEi6alNPVG00n,80
48RN2EOOyG2Gs5Pyla7ZJj,60
1BuZAIO8WZpavWVbbq3Lci,66
1rBjexQsgqXpsS2BrCxaDX,60
4KyZLFDRAVvs2naDwADVTJ,62
1PS1QMdUqOal0ai3Gt7sDQ,84
42GcjriRK6srwHkfbkBqVl,67
0bHDsbWkPSJ01adXfObBzJ,53
75L0qdzRnhwV62UXoNq3pE,68
0B6g379TMw0nYGXA7y5xHz,72
0axBgt9y0GvMCLuRl2xBKG,76
4ztaHDRJVuQe61KVCIpgqw,50
173KirQOJcXBCyqADQBpt9,56
6eVxH9Kyanzrw636zJRPcw,59
3mTpegrOwRn0oJjv4TSbEE,72
6dbENHQHHtWRai4snSvy2w,65
1D3z6HTiQsNmZxjl7F7eoG,80
60xaS8mYBKUW4VQQ666N0T,68
1wJRveJZLSb1rjhnUHQiv6,74
0G149jkGWKwrPXUGkEDgWM,59
6aYi4lYcAohNhlNWsbWfy0,45
0JaVdpmiex2EP7bBzyKVTa,63
3ZdJffjzJWFimSQyxgGIxN,77
3QJULtHD6Td9Cl8GD6B3My,7
08zJpaUQVi9FrKv2e32Bah,71
1sxGIhaxY8eF52e1TlShSP,73
2y4lAQpi5VTNLu2ldeTdUH,80
6gBFPUFcJLzWGx4lenP6h2,88
4scpF6J5uMBvoh6sFB7EL1,73
0wwPcA6wtMf6HUMpIRdeP7,81
5MPPttjfGap2C6j6eKcO6J,78
4S8d14HvHb70ImctNgVzQQ,75
5iSEsR6NKjlC9SrIJkyL3k,72
5hx4FpDZOnDVYlyoG3rMks,45
3eaZlarqKQ4oAceRwJHfF5,47
0V4l4GQhgnWQGtCWpvA7va,75
2gam98EZKrF9XuOkU13ApN,87
1ojBtNRMzjL7ptLPZCzfRz,67
2JKkIYGgr3KobERZKzCpa1,63
0GAyuCo975IHGxxiLKDufB,68
69yfbpvmkIaB10msnKT7Q5,64
737qboVuEkiDl2DmoU89Qk,65
1nAILwCjAYvkz5rrwGFqQi,39
0dNsCwvPvCHi6BaJcdwm60,11
6mapJIPnQ23RTAevUoE0DL,77
0c0YHn3DIQLl1opsQDd9kO,68
3azJifCSqg9fRij2yKIbWz,89
5PEleSkK4p4E1sx3x7cOLt,63
0mG6igzxbH55XRyq3ygEh8,66
5dUMh0ugelpKfoFp3qChuK,77
5JMj1GUaACmgpCfv0G124x,0
42Tohunwlh34o0mgxYx5iq,63
6q8UIzUSII0Nw62S1IBOIg,46
2LvbYwfsRvGYnRytG573iW,37
6nDSLDomNqfet6w0r1GHAz,59
0qy5D3OJre7SPJNMOL9I71,66
3rfhI32Il2hVRKDkuGeeen,78
792HwhrdO3ErRKL5yRe4Ge,80
21AJQhGZpujjZQXByZAXpr,64
5BOBHIBuzvQuIYL1E1nDzl,67
0W6I02J9xcqK8MtSeosEXb,78
4FyesJzVpA39hbYvcseO2d,81
2pis38KZgWttvigdurNEk7,48
2m9axSosHP92250FvnnobM,59
1fRuRNJVZjDU1yKXvarKqW,50
4S2uhQE8L9V6p7rj7SiauJ,76
7rkUxKdccB5wb18ZlDWQBS,31
3gOh1UDmnGWN4wrEcaulri,59
2BqQQXuBOuhaWeUP7okEx0,63
08F16baYbciTva9P4BvpiI,72
65OVbaJR5O1RmwOQx0875b,83
7yz6wjkAV0ZByLrlcrMkAx,49
5k9BIHGgVxlpQ5G7MzqAvg,48
7EZPH9Px3gXlxD5KJDwtwc,64
5ravc2aiNoYmu9m37diYXW,49
3DzlR0kXE6shimFVhSwI4A,62
4DCBuZK28moF1agkLnqvX9,5
0LWkaEyQRkF0XAms8Bg1fC,73
4FRW5Nza1Ym91BGV4nFWXI,68
7kAFSrTIOiVZ0gnHBuAH3l,64
15eWNa3kpCPKILbSvvzSWl,60
6wyhUr4Xw8z5uSy0AhoZfU,68
790MhTXPFrYkrqCKvpg4t1,54
19KkDlrVwkToGQX4dWOCQI,52
2bPI4TKM4oTxl2SijUXM2J,64
2UVbBKQOdFAekPTRsnkzcf,77
55rDa8pEd81hF1gjfxPFS5,0
3G7XYAwtxtoGK7fAm4IlD9,60
7xZ9JwN3IB23s7Hbfd4cGq,30
0AhwITdzuLiWF3owNipbAn,34
7KSSdFCBHCfq4KPzz78ghk,70
5hTpBe8h35rJ67eAWHQsJx,74
7xQAfvXzm3AkraOtGPWIZg,84
5eJpwQyirY5EEdNadHKRAM,69
4e0FYxSROat25pH16zMTZI,79
3s4mrPrEFFPF0LmAfutW0n,69
0tdjTo4xacmmF7eINqaM8z,45
2tUL6dZf1mywCj5WvCPZw6,73
2Ox2c1WEJDeQCHTXPE3YKM,57
1TkWsnheqK0gBtvh07BtNX,63
2gAGWaK4wvt2xrFUlR4mK8,75
4JJcP0Rv9AgyPD6ZGaC8EE,62
34oWbFBfGEElvgO0a5c9V4,77
3m8CQnnfJJp4eQMWWl3zay,66
3Vi5XqYrmQgOYBajMWSvCi,81
252gJUec2oDsGBPcxZs4nX,55
1EuVCg1G7fVjuhKurU7m2b,50
25KybV9BOUlvcnv7nN3Pyo,78
0Uhnzk5zI46IRlQ04LNOtc,58
1Vp4St7JcXaUoJcIahtf3L,66
2AYTGaclgKXACh13nJRVcV,59
2MbdDtCv5LUVjYy9RuGTgC,73
1jROHCeEzDr6VnV8EnBnik,49
2EBhkPa6ZeNfRE8VpEXrpg,43
00rMGQGXFeY2VQTrg7SWde,62
6ZthdsKjWtiCxnxbhs74vF,79
3TXy6nchgKeYlVwOKNk9lE,70
0332p5aiaQ6vyomilcGSy4,39
537l7spEsGg6aWl6Y9eKAs,52
4A8cWXxKfIL3lAyUDzXbCF,73
0pn8eHCvZsBAF9Y9wfv4rt,53
6AdLyvisRKHLAwARaZMGr6,67
6rb3wFQ66EWR7DcPG0oEE1,65
3DoBTwfr8yi2LN08SBpFkN,64
438ydvfdggFaE8RTacR40q,45
7vxGCUPJhe0fXfBkwVPFcP,48
1xsP6AITcWNigBYBYVnVZw,50
0uXO2GrNiIb1xHT9LUdxZE,69
3pjUyVbFmM96tYhSaKJwTt,69
4DTpngLjoHj5gFxEZFeD3J,65
2f8y4CuG57UJEmkG3ujd0D,63
0rk2IHFiHFnO7t0jvAeHW9,70
7vWFaMq63AwkFDhS2OAg5u,72
0FZmAvivvifvtN3pZScbw1,68
646iHsrMsAeI48Z2qU8WKf,44
6Gul0FnIbrDUjpL58kB9gX,54
5qgFgsrrxOjyPmX5YCuK2E,63
4dqkKnzOJ3fWduqKcHi374,69
79reBHqpRoWXaQbjBBY3UC,63
098lWpfeAQN2zT0FeE7jhj,35
2yQmSLH9Ni6Wif3fR8xHFR,50
72TFWvU3wUYdUuxejTTIzt,81
4NVyCPbCkbmMEESIErpRXq,57
4RY96Asd9IefaL3X4LOLZ8,78
1faIb3PPSzEifCHUOJ691R,59
1zeTsUJRsWNZcoq4C50QEi,39
28JBD8p18xNuOfyV7Cotdn,72
7n2Dqgp4iXd8Zorfj9XSYo,54
59dLtGBS26x7kc0rHbaPrq,79
5274I4mUMnYczyeXkGDWZN,73
0wshkEEcJUQU33RSRBb5dv,71
5UekCh9Iii4veZPgdZzo5q,31
45ow4VUKJDbbsLhbmjyydt,0
6dPyzkyZwoj9LqjQXOFdVv,65
4Q34FP1AT7GEl9oLgNtiWj,74
1eL8wZKx7CVJVbZG12becL,55
71sCy1XpXl9rxTEu4XIPcR,58
6lbhWl34Il0WXm5pX1fM9E,72
6x3gud5JkOSGYJpRUYN1Gg,57
77N3t8CNrUQV2f2SLQzs9Q,40
788NX6uCNEVuZW8x5BkQqM,65
69Nny8cf8UCN6ZQgAJbbSz,0
44gRhRi2OhEf7moAUj6MD1,65
5ihDGnhQgMA0F0tk9fNLlA,65
4o1zYFH5QWKu3E4MiC6lgE,41
4MzXwWMhyBbmu6hOcLVD49,79
5gFoAVTN9YlM9uJCrFZtgl,71
2UjjRu3TgxDcOg3UQbqdkc,13
7jr6fz888xjUlsAD2tZzKR,68
0Fs9cdPDhptWEDJmiCbkEW,79
3vUDNDbhYkfidboErlk7cx,66
4sWuPniHClkInYAnzXAYUF,66
2JvzF1RMd7lE3KmFlsyZD8,84
7dPlBx9UtMjDlZkWmAdZfR,10
0hdiDzQu1FsfaYM1NIL8ma,47
6NwhtCYkfwWlcR62Ac4E7y,61
5cgEadiGKjtTP1Q6NJqVP5,61
0EHR9OObFtjlhQB8wSt1m7,75
5bm0CcD5R9Nj04QbMvwugt,53
35Xf2ABjPzUXKz19akd7Jj,69
6Hmc5Afutf4hcrjnBYNidS,70
0J1YRLYhTG1MBosjidD7OI,75
7HuBQSNWUaYsPw5VYmoWtx,56
7dDJKoR11canMaT2YyyhSC,13
3KRsRqcimXCJ6uzVm6iPSx,39
2QLWLAqMMJuiBRztcBFgvM,44
03tqyYWC9Um2ZqU0ZN849H,79
11BIoKDpTJHX5mZt6p566h,60
1BpKJw4RZxaFB88NE5uxXf,80
4Jo9NBrz648AhHLtwSsNx4,57
5QrT8pNtw1UnjqFuSUsenv,46
5UsLjwBaTHBX4ektWIr4XX,78
46IdjlVO3EmaMqooXZ1Hcu,51
2onCHFrhTinyUc6OawwU4Z,63
6MSyik7EzWsHQjTOPLFBrr,62
16bHRxM89ue0TiCKARYbRp,67
2NyrXRn4tancYPW6JwtTl2,73
4a17WC0Cf5hSKFD6ts57mk,51
4nNw167LUp6j2VvuJdbtv8,65
49vZduMPCMnDDrl1WBxUDk,66
6HnydhDiw4UoQy6H8Cj2QF,56
1YNC4CuWPLfmJ7V0xgSObY,32
3avYqdwHKEq8beXbeWCKqJ,78
1SRw5p2lVAi7RGlHEmZg66,75
4sjiIpEv617LDXaidKioOI,65
3oHiR89Y8gn6xt3YGAAzFj,54
7mobUfp1aL8A6CdugCMWft,77
6RiMRVxOiEYd4QSu1cxrls,48
6JFLZH9vCzgqnUToBdiHQb,71
7yNK27ZTpHew0c55VvIJgm,74
2c7sRekhMGlj7u1WIIzoQu,82
3ZAMtgYJFoHwJjFkhkXqKr,63
54iyLNmcnLWNdCqX5pdtuL,67
6V20oVETqPBJ4suIEoEkIY,72
4PklAHGXT5ityno3IA8SKd,79
475jSz0H6U3duJyNiDS0tT,65
3HNWVQHXpW70ubsDhvnegu,61
1ACZpHI5vZ5Ea4xGlkdGWM,73
5LTdRSQOg63EazLbKZbWn2,62
5Qy6a5KzM4XlRxsNcGYhgH,74
6qUabsNxudatEFedWGHoDh,62
15kwOUhZh4wLBhXALRdH2j,30
3GMkpfmfY5Z291hAlS3xqg,60
0tISnxqgVmxqhVghsTi2Rr,59
0VYhxVxH9ijmdHUKsON9Bk,61
27a1mYSG5tYg7dmEjWBcmL,80
4356Typ82hUiFAynbLYbPn,83
5xwpXWWkfJRqg1S27oVxh4,46
6ulEymrJ2Azx1uo3YHSE5w,79
0n0HybfiBU3YDQNVtWugtm,43
3dhjNA0jGA8vHBQ1VdD6vV,82
1BHquBolJN628btHI6X0vq,40
1DypGkTryeH4cPFBVucxo4,68
7y6c07pgjZvtHI9kuMVqk1,72
5FkoSXiJPKTNyYgALRJFhD,84
4ZPdLEztrlZqbJkgHNw54L,79
56oGoEjA9eTZYgsttEFKY3,78
0w1x05XBSRIuVmKd3D0IPd,59
0NA4ULVsnaQ0JhLT0fBxPA,39
6VWUOFXGwH1OgyPrfRONrn,65
3n31mf1JGlRxAGwHwx3pDd,63
1ID1QFSNNxi0hiZCNcwjUC,68
6H0AwSQ20mo62jGlPGB8S6,69
3wGXyJGsCf1myH5MooQIqE,73
1LjuHrjwyo7d5rh3W1XO5V,45
3ESSGgWzRf1xvP7G5hHMhB,70
5FEXPoPnzueFJQCPRIrC3c,69
3qN5qMTKyEEmiTZD38BNTT,69
6XU6O2o4nPklVezwKMBbpx,30
0M9ydKzuF3oZTfYYPfaGX1,76
5kTQa2G88tHnKB1Y6vNTyn,40
6tiYQ631gOeBb2jCtaIs0R,73
1R7IfLjtJ4B9kqjIqaEeVf,68
0QNNd0qMCDbraS1nQPg3aA,73
0utlOiJy2weVl9WTkcEWHy,75
0xaFw2zDYf1rIJWl2dXiSF,81
2WsuSYJNXGKXVYkHPnq2yp,75
6YLwcpTAxXRLjZXetbCOmo,7
3TFO78JhsoNbQUrfKfGdIo,51
5tLdDm1cVYAH2kk7TyjmdW,60
2NBQmPrOEEjA8VbeWOQGxO,78
01JMnRUs2YOK6DDpdQASGY,75
04MLEeAMuV9IlHEsD8vF6A,63
0Fg88OWOdERXLMDcTWYwjf,71
1L0OmJV0LnPDWuHCIGmBV6,76
6LNoArVBBVZzUTUiAX2aKO,74
5hDJ86JVWHe7hK0jChYGj1,44
127QTOFJsJQp5LbJbu3A1y,74
2iP3unJbxZvRuqyrS0ocZy,71
78844Rxxkl8STQUVbp4vXi,64
5H0NU2sHWUnWCcZyYlX46X,46
0XqGHtlXsdVW2n8HJ3KyeE,56
5MD2QLnFM2ChpKAh33z0zr,54
1xzBco0xcoJEDXktl7Jxrr,81
20GrahbI4AzAOWxpYfDKkf,62
5oyUurs28XRagLa8lgm6V3,54
1eQBEelI2NCy7AUTerX0KS,72
7wTA0NKIm6T7nP2kaymU2a,70
2xtIAFJIMkzHGHiCrJ9iwd,65
1cdC9TCqyLwAlsw3fVJaJS,61
6to1tNRE8t1WuTSdvDnsmw,63
7KwZNVEaqikRSBSpyhXK2j,84
7z4xW9WY86uH3gd1V9pfCM,67
67gmXPQZL1ISSh13OJJ1Pu,52
0LQtEJt7x0s6knb6RKdRYc,80
6g6A7qNhTfUgOSH7ROOxTD,70
2e9EZ2V5QGGZPMJacO3y0Y,63
6EbVuwU7EnKeF2hdpViXCH,72
16QjPRt5HYK0dnLGmGRCvf,53
7zBPzAjKAqQpcv8F8GCq5s,55
3rPTZlxePEFOTlAuNTerGu,7
1vux5TJpXtc7tbjA1YODpp,77
0Hf4aIJpsN4Os2f0y0VqWl,81
5Eax0qFko2dh7Rl2lYs3bx,86
7hRwwjy1cmwGkzBnJlhtnY,28
5BmB3OaQyYXCqRyN8iR2Yi,77
4PmMVdIFpJTB9WQbmILf4p,78
4VcPtoOpK3oBMDZJ9Ptp9f,72
7AFASza1mXqntmGtbxXprO,80
40yJGQyEaBbIkXpwMFkXip,65
1qA7crrPzO702kDZgRAhyk,66
6aD178OGxT0Z1NU36g52X5,43
2mNaugzeRDyAq991bw4nqv,68
4IO8X9W69dIQe0EC5ALXhq,74
0OaunKfsxkgBvPv68jBbmm,61
79tbwF4mSrYD60Oo41JTXY,43
0Fpen1PTuEnCmOJtUU9Iud,65
3RaCGXCiiMufRPoexXxGkV,79
7CSxAriQKhvmM7Bu12fm5e,71
3ncgNpxLoBQ65ABk4djDyd,65
2n8lekNlZSQzbyuQedd4Dx,49
7KVPsVMOK3NL7subwJ0dZj,74
5dNfHmqgr128gMY2tc5CeJ,70
3WyRgi8CzQnhzO0xw79tTS,62
3ABFD8SzXwMbUspLFxbbwK,60
2fQ6sBFWaLv2Gxos4igHLy,63
53KaP77tkliz36LPxWGlWK,75
76gcXhY3Zv6wW0BTe9nHJo,79
7zLYKWcXnYeHHWidalz7rj,75
2dHHgzDwk4BJdRwy9uXhTO,92
1gihuPhrLraKYrJMAEONyc,83
2UmtjSvU9FOVKJH9trz7Ht,44
3KCdyM6vGYY4rU15dezvrJ,61
5Z3GHaZ6ec9bsiI5BenrbY,81
2xyBvir9n474qfsOkxXMgx,71
07oiSjg6TiehyOS3pRJo0l,45
5eqK0tbzUPo2SoeZsov04s,79
0eUzRaG60gimqQJ02oSUnH,64
6jG2YzhxptolDzLHTGLt7S,76
1T4tQ4SSagbhAKpvcWg035,66
1tkg4EHVoqnhR6iFEXb60y,82
3B54sVLJ402zGa6Xm4YGNe,87
2ZlABhxMMa43COmZ97kKsJ,74
2B9wgj9XzbJZLty03PRbVo,55
7nc7mlSdWYeFom84zZ8Wr8,79
6MF4tRr5lU8qok8IKaFOBE,76
58FUwmyGUqkt53YPUcm7cJ,68
1Y4ZdPOOgCUhBcKZOrUFiS,66
65kp3OFn7JXbCvkm3m2Ui2,62
67XRMWvQU3YZcIoDQJ8zez,43
11XegnWeJHBDtj9IsNwngu,65
6pcywuOeGGWeOQzdUyti6k,87
5NEKjqTQPKiqOiOG8YxLdS,67
1csF3mqDAQ33FuLJhV4ESS,51
0jPYlLm8c7HoMOqqWjyFVQ,64
4EWCNWgDS8707fNSZ1oaA5,90
1wsPEJWethuDbGZtP7E3bM,49
23RoR84KodL5HWvUTneQ1w,89
6ApEaAL5iuN3cOwSoAbY1d,59
4Nomj38R7Ds0P8I8orW2Tv,48
0PvFJmanyNQMseIFrU708S,80
27v4tcUfyW9J8opqkrOrg1,45
2FBo7mg3It3YOefMhBKk60,72
2rFqkDRJlumT7QjljlldlR,68
2TSfStvlAMLw89u3tali79,74
7osBjxxoPSCceUMdkyFh9O,56
6vWEAOUSxohKxhp0K1BsxL,73
4F6yN5FsFW10Ucx7cLCzBh,75
7wAFfH245FJP77ZugGVISe,49
1tkMs9wDPknQ3ZHcKDw1ES,79
7ySUcLPVX7KudhnmNcgY2D,83
4b5fEUCaZz5aqx0MRaIFie,7
6GnhWMhgJb7uyiiPEiEkDA,80
6c0GmyBsE7mQtrVvxJaWc3,60
61H24wWW4V9KczIns74dHi,4
3JlIWg991WM3tlg8aOXEnq,50
0oJMv049q8hEkes9w0L1J4,67
3LmObtLcNnsYgojLNMIJBY,17
7yOoJXW6wkpzlJpfjDKhIV,44
2nxAepqcOyM5cY8oOhNkzy,0
4U3JMDnjnUKggATEp7NryT,53
3muBQDekYAg7jm6hDu6R0Z,73
6bxUnsSGZCmoHHU5auwtps,73
6EW1fwOk4JHmTZKINZsyjB,58
1cz9jUbkmRSX6jZmQrrSA9,70
3QFInJAm9eyaho5vBzxInN,84
7BjDcHQ6aKuVDjfiNFzk3I,40
1FOINGDWa0dPgCpMabLT4Y,62
6YbhspuOar1D9WSSnfe7ds,71
4cOdRhWoQg8wrtggw6YZLY,64
0wbnC9AUenxp613TYaJsGK,71
5lrorOJfDv5rGUKqLDKqo8,58
7pmfvp91orclnmxPLVjh4f,20
6klLvorLoo1sxvZcjJIY8I,78
1hGy2eLcmC8eKx7qr1tOqx,81
4KX8vXbouybtUptEyYxtIk,63
0b9oOr2ZgvyQu88wzixux9,71
7oBW80497A8axagr4aC9U6,69
7sB2rmolvEt77KFPCraSNc,49
2bSk87AVkCIIC3Bcligq1z,79
29YW2xXlo6Pc6M0SBTCXYN,71
419BgOz6TVQm8vvgiwXq5X,67
1QgTBfRN5m81a5K01qens6,60
2d8JP84HNLKhmd6IYOoupQ,78
3OePAyHePd68TTKmy2hjq0,69
6Z8R6UsFuGXGtiIxiD8ISb,85
41a7dZcq30Ss5kPMayWRV0,66
6j9iyrrmqWlQZ5SD1hSTaq,62
59J5nzL1KniFHnU120dQzt,76
6daconu258hc5a7TlCjBlB,51
4CzhtKifG867Lu5DNQVBSA,79
7rbECVPkY5UODxoOUVKZnA,88
01Z60kvLjK2PCVNHo55eld,18
0DiWol3AO6WpXZgp0goxAV,80
4GkkxswcdEt1tkSyiRzgnC,62
1lAJUXyP5S2dUYHer1xBas,71
6K2anECyrckidwf5wxS78Q,73
3DFkDKoILOZ3an5oJzKDNZ,65
0RLLvYBopDwooCyvnTwgYu,79
64zNHSlUfc3xD1yPYv6iEM,5
7AOtINPzQ4N4JVXk7ygZZz,55
6XHVuErjQ4XNm6nDPVCxVX,80
6bUNEbXT7HovLW6BgPCBsb,73
4Vb7lpti4vXzQdkFIOK1s2,7
2ye9iWj5V4g6k6HFeTTAKa,69
0Zl4G9qcdXV5hVhdOirNHG,54
1D9XLqQp2YYiOxrr5KLb8K,64
4dVpf9jZjcORqGTLUaeYj9,75
4IWGnyOHDrVZEtPWfs4s7q,66
6vxU64pcIuQ38O015Zy4qj,70
6lruHh1jF7ezgbLv72xYmf,66
4XvcHTUfIlWfyJTRG0aqlo,83
1EJIcDYXwSqipW5dFe4uJz,78
32OkBQinMWqa7ZydEkHqVi,60
2bLqfJjuC5syrsgDsZfGmn,85
6w9GrSUaQQIaMBYtabge7p,74
0hquQWY3xvYqN4qtiquniF,80
3EApebexZ7YqDIqw2EMTDh,52
422lAAWQO9TqL1LxIPdhOn,57
4R67rQNSbbsR4TdUVOIdez,73
2W5cWH1DZ19KFA6n7G1eiK,68
1pacwLXyRO47ka0v6LTIiY,79
2cnKST6T9qUo2i907lm8zX,76
4BhGTc3Cgay2U1QcTS7vQe,73
1JAKldTUlrDZSDmbS6Wkwo,8
0kIHfcHGFGm5xb0dSlKEdp,62
3ihIZrJreMJPjQdNLrEXnP,67
6ptNBM3aWWACAQqC4rgkmp,69
3J8EOeKLTLXORtWPpOU5bE,81
3kS3AOajZlXtoToQ1Y4rPL,42
45khAN78Qv8yzU78TkkGBi,61
0IpnZchq8ek2A6pGEP2Qb1,65
5RqsqQU0erB0OgLbwem6pU,56
2nKYHpmwjLaEOXS3o7QMiz,60
0NTMtAO2BV4tnGvw9EgBVq,78
52i143Ph5c3RQaQFBXWix1,58
7y911sqgHGHcyU4ivapjwi,67
3WCXvxgQ7U3mznWsQjiEMu,75
1w7MZ7xqRhYrqnUuRpG6r3,32
6bCWyr3C3ngZdwizTYWQTG,54
45sDIKapDyxPl307QpEAwl,68
7hav1MHURQf5SAoPk0egqh,65
4q6dqyGM25sKFU8nYAGRe4,71
7BbbLiARcvEIhyMCcTRfJr,39
5VKsvhjnjQ3IAspPjGiNPf,42
4Pwjz3DfvfQWV0rO2V8jyh,74
7GUMqIKEU9Whg5VVUlqeuh,48
4y2bMYA83ZNN3pW47ZOgmr,34
1ULa3GfdMKs0MfRpm6xVlu,67
1AR6VrButtOFNqS9ck6Wam,62
6Slt6WiWnriaqCb8xXb2ZT,69
1ATOtTLEUzRioB7CPD0CMj,49
0FZ4Dmg8jJJAPJnvBIzD9z,80
6yXzFVpLb4aYlUs3AbBfYJ,29
0F13K9dwYH2zpTWiR8d628,73
4yNoUQkYf1QF8iYlEzNynH,68
4NQfLaqLd1Fms4UTkkTj7J,65
2i2qDe3dnTl6maUE31FO7c,70
0g2Bbgy7P41pFjMWJuzsf4,67
70pwY1UfPmSVE3ybPjFy0p,56
6HZILIRieu8S0iqY8kIKhj,82
1qJjofprTOxvqkIAdDixaP,48
2bnDTGikdoO8CwzlAPyBHR,60
1BzXvBpIFWJgu0P8P6xmP4,66
2EsyJN3AvC3zBlkQpb119M,56
4fUh9VvKW4shhWN5LfN1Ba,57
598yNsG1JFrGd4n2kMoz7F,65
2Ih0U9yUuY0oU2In3h21If,47
6rLi6PyWXu1rPlShuIZpj6,59
4jlpT1ZTTOcrwAyjJAND2e,50
3J5YrOvX2A0EA0j4BARQ9o,53
3klzr0269NpGoBpe9BUNXN,46
11BbPUv7NlzlcbY7AmHHKy,72
0dmz0Lj2EkEuX0Msjh6eUW,61
1dorm2V2hMTJdrhzSiXgr2,38
3KGQPtjS7kjEwMizD1bvC8,29
3ALgsy4RtDm58xl3VNoSgZ,46
5uqphUYsR45kPYplrYSAQh,66
4wRJHXHDJnKSPr9IVn0BFR,68
1lOe9qE0vR9zwWQAOk6CoO,84
1AWQoqb9bSvzTjaLralEkT,82
3sDyGrpProusVfcccFLAHq,63
7n6TT5TDeS0A1DqEtSdapf,56
1RL3FJflxMXmdgfRdUnFmz,22
0NJp8GyCOWnQh71xKSPfuV,54
4jPy3l0RUwlUI9T5XHBW2m,82
5A4WcRuy0FFEAC5pAK43oa,52
34tz0eDhGuFErIuW3q4mPX,79
2TdZdeKIDMqi1B3139W4Wb,62
7o1RFIJYqa7tsbZ79LRR3n,63
5Nq6lLSxphlsA6nQB0KtES,64
0CjHqLvr4EdjBJ0XiKtbCI,62
0HCnj7pfrvshnocOJUFeit,68
3wMUvT6eIw2L5cZFG1yH9j,71
6KlqjCLNImX7W9zYt2Xa7D,62
2wUwC1gBJIC05JH87v2hgN,65
6ltWTSzsV2TaSsOhoA8eBC,66
0UMqDSXk4xvoCNRrIEPf7T,61
4iz9lGMjU1lXS51oPmUmTe,85
0hwkukpHcBJfGcIUxi1tK2,65
0CAfXk7DXMnon4gLudAp7J,84
7wyz8PA0B7oBWvR2P5qTWt,65
3gdKXck3m7MNH0IbMnvGpw,41
2cOhlVJutH98Tc8Youes7w,33
1LxKKYsJNPeBdOwdudsJzv,57
16Of7eeW44kt0a1M0nitHM,72
3l4ha5okkyLgMAFIKRSNVG,46
5JW6ETuv1CrlBjGq6rDpYj,58
0YrKSfpvflYnLSBd4Jtu6J,74
2qlBAT108lYOzlXhBxBqEv,71
0w3Q3VFdrYzo24QUIGnBNy,63
3kIl0UA8j3BR4rIuEPKHOn,8
1jKlRcH7X78ps1yKBTWyUV,65
792MY19uNkA4SJBqdw5a84,50
7wdzLe2Gsx1RGqbvYZHASz,73
2sqsNXfN0HtgDEgaHXiUTa,67
2Tb7xvrJZj4eFQYXmKM65v,23
6HSqyfGnsHYw9MmIpa9zlZ,67
4VA2prpKDv7ywbnPFfPrWS,67
2XERAvP5rto44nAuJE2Rni,41
3xuZ8v1cf4cpHjBblkVGye,0
7jVMNHk15YGRHRXYFoCXK8,62
3zc8VZEpM1onYV4FWGdFvm,71
2j7mcsEz4n5XxMMqqjjB6p,50
1BNvadXnbiSf3ZofMMdDYK,73
25ypHCQpDX2nrDFly7eZLZ,74
3F44dsHfwqv3WL2evzjJCw,49
2eAZfqOm4EnOF9VvN50Tyc,82
5wuXWTCiKIlNEXfwAuTY1G,52
6Tguhaf2uAe6OjRLsR2Tql,76
5JblhVwaXyEI6t5sggWr3v,4
7bOlOJHn9IOaXX7IwaK905,67
7xYnUQigPoIDAMPVK79NEq,76
5gx2E5aIXMRBellPZW1up5,64
26oF6WjkOjDIRK9YsdZp2l,45
5egD7A5x9AHdVO2fMo3Wbo,74
6qaGOYPk0tmPmPDIrRiBPM,60
0lWjRSzq5chA9fps3pM8Zr,68
14SaZBTjxlorHJQxXh01Hu,82
5z7mYFfhw6N6f23VwrokJD,72
2kEDuZRwYUoQLIYKpQfKWa,61
1jUA4rb6ZCv4gby4YU53xq,74
2yJVeT8cP1zstJxRP7Nlv8,60
2OvqbosjvY48JgqmySJ2l2,57
4ppTAJUbNXELZcoUaL90wo,74
1Ci4wASMY4xtKVMeHA6Sd5,68
0VjIjW4GlUZAMYd2vXMi3b,93
3FsRe2nUQRsvDRmlPen4Ss,24
4AwJDh8ErDvjeiswR41DKM,53
29gsi1zZrZxdStACmTQB0Z,70
5fHrHoJKfCgBd35zwIBmUK,61
7loXv8g9YbDzxfAFENqTdr,31
625SmNWs5ggrNdqqaQNp7p,44
0azC730Exh71aQlOt9Zj3y,85
4hanO6Du5J7QEguNHYZHmw,61
1N7CHs4eGjgr3gjyUgq75Y,47
37Nqx7iavZpotJSDXZWbJ3,79
1Rq4GtIucW9CAcF8B6PAbW,74
4XVfNwP88Hn9kSkXVnxj2S,46
2bJvI42r8EF3wxjOuDav4r,84
3LVcKphzONOdQ2EATazlZq,72
7eBqSVxrzQZtK2mmgRG6lC,81
4rmVZajAF7PkrCagGPHbqa,76
4Z7XtjSL1fyFnd6bTYhEIQ,64
0b7UwotRCrS7qBoLDjfvSY,62
2QKBvCMHdokPoy2b44dK2m,61
6OaVWaGfhXn70ZJfdVcabn,76
7CEJH5Ed7FBbXF6CqBQPlJ,67
7fBv7CLKzipRk6EC6TWHOB,89
6DCZcSspjsKoFjzjrWoCdn,87
1zi7xx7UVEFkmKfv06H8x0,90
5RqR4ZCCKJDcBLIn4sih9l,73
7v0hKO3RYhEXt2EPXf4AOS,57
6Y46tOTRhkBamosyuWa6YX,78
5rZlwNFl01HqLWBQGryKSm,79
1o0kWPueYo94LIjPYOE5Nf,74
6Yt0M7Q8apD5sxtgYry7wK,64
5Nf7BaUIK8AsFTjrmT80zV,35
6Z4rmc0uujCpl8yXe3yjgI,44
3f4MjCmGeEjuJ9EhswsRpe,40
3S68RFe1lsdCdTMPIMJM3X,73
7fxSLnklnayJNBIKntXedZ,72
4knL4iPxPOZjQzTUlELGSY,67
11kDth1aKUEUMq9r1pqyds,82
3BtuIIrQlkujKPuWF2B85z,77
7vJDoWPSNTXu5v8H5siOin,59
712uvW1Vezq8WpQi38v2L9,69
4DvhkX2ic4zWkQeWMwQ2qf,72
5NVogFFUlBxL7CZAnRFaVQ,3
1V4jC0vJ5525lEF1bFgPX2,71
5xrH7dVah85mTEr4jgT1mu,64
3JKgcAa7r07ocVWcV8bS0H,77
6RpiAj9Ofv0Uqp6n2OuRoh,57
6Gg1gjgKi2AK4e0qzsR7sd,73
7hvHtzmKMkh4N6Kl7WHTVJ,25
48YCxFA6VaPwpFd7sFuwnM,53
68LR4RQ7JLHwRodWxPOB0k,50
3EMp20j5E42MxfFbsEsIvD,72
6BmuMUfRlHMgQE0vCL7VXI,23
3vJKLsUYcC7mARUTOMUPaJ,63
0RyA3o15NOLJYtm9NlDu5c,67
6zpoUJVDLVTDGOqGM356Iq,52
02WDt2eCNOU2mt0DF5w678,51
6uFn47ACjqYkc0jADwEdj1,80
6bnF93Rx87YqUBLSgjiMU8,85
4eOJxoVUcN0kFX3ymAoREV,47
1sZWRWPnJoV9ac32i3oMwz,44
1e2j0v2S32Pc0s71DtQPdh,35
3sNVsP50132BTNlImLx70i,87
14mHfNsSHN0FbLftyjrV9g,63
5OI48E8HqkN8fnTOu3Hfuf,59
1tuXnhZviiIp2yDlmLhwEK,6
3lSR267IJfT54p0Gfuw7mi,60
1dMRwAGThjgwoJetd21QLs,54
3D0b0441vvXFJvgbaiDyp3,43
6BbINUfGabVyiNFJpQXn3x,70
1a7tOEheXeaSNathZW4Gzk,64
2L8cFPItBljPNJgPjTnuIf,58
60SdxE8apGAxMiRrpbmLY0,76
3X2r2CnHOJeV5YekPTgBnK,63
1geOe7YkJHbsoRdNU0IvGS,67
43PuMrRfbyyuz4QpZ3oAwN,82
6NMtzpDQBTOfJwMzgMX0zl,78
6oECOh5nAYmxz4EiYhjsPi,62
3hv6ndi7uFT9L9wrhQCsqY,74
3A4cpTBPaIQdtPFb5JxtaX,76
2rzBvHM9h36Tpdj7Jdajka,67
3FSwpQ9dBZBeBV6UdYHI2R,67
5DddJVNEGBfUxy9Dtr45gI,46
7MXVkk9YMctZqd1Srtv4MB,94
5bJ1DrEM4hNCafcDd1oxHx,80
04Ila6SwYXDbdfZab8IyUV,34
2sHekv6OdEiO4htSjdB9j4,52
2PIvq1pGrUjY007X5y1UpM,78
2FvD20Z8aoWIePi7PoN8sG,70
7ohROa13QK43JBRqfCmz4P,70
4eEVH4nGz68ClNAwEI96ek,61
3US2qDmY0lqxoEe7dPrGOR,40
2D4dV2KXDTszzJ3p3cFqhA,79
4bDPr2VAjcfgUDmN9dGOC3,76
52WWw9qNZXZZtWU336TtKG,69
37EDnGj3yFe5Hs4Zk3s3YF,51
3F5CgOj3wFlRv51JsHbxhe,89
2e3Ea0o24lReQFR4FA7yXH,80
1JTZqN0snbMSNtp59zveTs,58
3GpbwCm3YxiWDvy29Uo3vP,80
7fEoXCZTZFosUFvFQg1BmW,82
0qHPxjC83zQYcxe39xSShx,55
2IGr3q6ljcpLvHDFLtI0yW,60
5vDNippoMr52KpXBO9b9KQ,77
4n4BflhWjCHIxrI4v7Xt9s,69
2uAbEJGrLecIbkW9p3OqQl,47
08LwMWf5Tcfsd752EPzFV0,68
5tFep7dXGd7vEJ668wTPux,70
7CyPwkp0oE8Ro9Dd5CUDjW,96
1bM50INir8voAkVoKuvEUI,72
6tiKwZppNjrls8RsPQwK6r,73
5PX4uS1LqlWEPL69phPVQQ,76
2DTpP3caqX3QdJIEoS83mD,67
0wHFktze2PHC5jDt3B17DC,82
2Fw5S2gaOSZzdN5dFoC2dj,76
5U8sc8et1PiuDQfIQ2J98a,42
1LKIVWjYTBgm5A493AALJv,0
7oDd86yk8itslrA9HRP2ki,83
7EiZI6JVHllARrX9PUvAdX,85
60fLBoD7INAvDtg5F7Z4nA,0
5viZ8CLipufc1Q1NXpMRNN,71
5lFDtgWsjRJu8fPOAyJIAK,70
21vc2kQZMS00cAyNT82a1M,82
1K5EkhJPR3xJ1yqAWhXR9l,16
6fqqAsCYfDOtXAD8Ydo06K,58
50S4mpD9sR0ITKEfC0O2cb,45
4h5KBcltGefua73AUPYps7,62
6bdFbw9THAMceZtkPWXu8e,62
7FCDmAel69bzxRkOxbh2dB,61
1kPpge9JDLpcj15qgrPbYX,79
62hsxntVcY4SZuq459n4O0,21
02rdXe0KhMe8p6ZHzYtuw0,74
30QR0ndUdiiMQMA9g1PGCm,82
45XhKYRRkyeqoW3teSOkCM,73
6Bl1k7SZTP5gkfLPjkIwtx,52
3Gva0j7oBU6MdvUMQyDRTJ,51
5hUYsaOyMY32yjRXeuQwGj,78
4YhJ3a6kBPGJWX4Ek77sDd,65
4PYICbxa2pc51H4yRnwg9L,40
2cEnKRR4dYBB2VA1mjlb1z,74
4at3d5QWnlibMVN75ECDrp,75
220CLdJWvaRzfXzoyqfrIe,5
1cCXT1cErAY6tmIqHbodrt,61
6m0S4wcG6sTCP010ZrgdJI,70
2D2w9943rsnJOGCrI4aMQp,72
2RwFo57JjznjveEqvBuRJX,0
3opVsyWVYEAFK9bJAG8Opa,68
6Rb0ptOEjBjPPQUlQtQGbL,75
6O7fPYTsb2mY0PiFt2ymDB,63
6ScJMrlpiLfZUGtWp4QIVt,72
